{"stats":{"minecraft:used":{"minecraft:stone_pickaxe":131,"minecraft:iron_pickaxe":1,"minecraft:iron_sword":8,"minecraft:cooked_salmon":2,"minecraft:stone_axe":13,"minecraft:cobblestone":7,"minecraft:crafting_table":2,"minecraft:furnace":2,"minecraft:cooked_cod":1,"minecraft:iron_leggings":1},"minecraft:picked_up":{"minecraft:birch_log":1,"minecraft:crafting_table":1,"minecraft:stick":5,"minecraft:raw_iron":26,"minecraft:salmon":2,"minecraft:oak_log":8,"minecraft:string":2,"minecraft:raw_copper":34,"minecraft:stone_axe":2,"minecraft:iron_ingot":1,"minecraft:stone_pickaxe":2,"minecraft:oak_sapling":6,"minecraft:cod":4,"minecraft:oak_planks":51,"minecraft:coal":40,"minecraft:cobblestone":78,"minecraft:furnace":2},"minecraft:custom":{"minecraft:time_since_rest":23368,"minecraft:interact_with_furnace":27,"minecraft:sprint_one_cm":29151,"minecraft:damage_taken":193,"minecraft:walk_one_cm":44125,"minecraft:mob_kills":9,"minecraft:drop":7,"minecraft:damage_dealt":599,"minecraft:swim_one_cm":7013,"minecraft:player_kills":1,"minecraft:interact_with_crafting_table":8,"minecraft:fly_one_cm":18800,"minecraft:play_time":23368,"minecraft:sneak_time":165,"minecraft:walk_under_water_one_cm":10881,"minecraft:jump":268,"minecraft:walk_on_water_one_cm":5737,"minecraft:time_since_death":23368,"minecraft:total_world_time":23368,"minecraft:fall_one_cm":4724},"minecraft:killed":{"minecraft:salmon":2,"minecraft:spider":1,"minecraft:bat":1,"minecraft:cod":5},"minecraft:dropped":{"minecraft:iron_ingot":1,"minecraft:stone_axe":3,"minecraft:cobblestone":5,"minecraft:oak_planks":51,"minecraft:stone_pickaxe":1},"minecraft:mined":{"minecraft:furnace":2,"minecraft:birch_log":1,"minecraft:iron_ore":26,"minecraft:crafting_table":1,"minecraft:oak_log":8,"minecraft:coal_ore":19,"minecraft:copper_ore":10,"minecraft:stone":75},"minecraft:crafted":{"minecraft:cooked_cod":4,"minecraft:oak_planks":32,"minecraft:iron_chestplate":1,"minecraft:shield":1,"minecraft:crafting_table":1,"minecraft:iron_ingot":26,"minecraft:iron_pickaxe":1,"minecraft:iron_sword":1,"minecraft:iron_leggings":1,"minecraft:furnace":1,"minecraft:cooked_salmon":2,"minecraft:birch_planks":4,"minecraft:stone_axe":1,"minecraft:air":0},"minecraft:broken":{"minecraft:stone_pickaxe":1}},"DataVersion":4082}