{"stats":{"minecraft:used":{"minecraft:stone_pickaxe":131,"minecraft:oak_planks":1,"minecraft:shield":19,"minecraft:iron_sword":33,"minecraft:cooked_salmon":3,"minecraft:rotten_flesh":1,"minecraft:torch":10,"minecraft:crafting_table":4,"minecraft:iron_pickaxe":171,"minecraft:iron_helmet":1,"minecraft:iron_boots":1,"minecraft:stone_axe":13,"minecraft:fishing_rod":50,"minecraft:cobblestone":65,"minecraft:furnace":4,"minecraft:cooked_cod":7,"minecraft:iron_leggings":1},"minecraft:custom":{"minecraft:interact_with_furnace":51,"minecraft:mob_kills":16,"minecraft:interact_with_crafting_table":13,"minecraft:time_since_death":71368,"minecraft:time_since_rest":71368,"minecraft:sprint_one_cm":66941,"minecraft:damage_taken":573,"minecraft:walk_one_cm":103762,"minecraft:damage_blocked_by_shield":562,"minecraft:drop":9,"minecraft:damage_dealt":1968,"minecraft:swim_one_cm":10219,"minecraft:fly_one_cm":36440,"minecraft:player_kills":1,"minecraft:crouch_one_cm":4139,"minecraft:play_time":71368,"minecraft:sneak_time":2106,"minecraft:walk_under_water_one_cm":11459,"minecraft:jump":508,"minecraft:walk_on_water_one_cm":8407,"minecraft:fish_caught":40,"minecraft:total_world_time":71368,"minecraft:fall_one_cm":7548},"minecraft:picked_up":{"minecraft:birch_log":1,"minecraft:fishing_rod":1,"minecraft:crafting_table":2,"minecraft:tripwire_hook":1,"minecraft:salmon":12,"minecraft:andesite":3,"minecraft:leather":1,"minecraft:flint":1,"minecraft:oak_log":8,"minecraft:dirt":29,"minecraft:lapis_lazuli":22,"minecraft:string":3,"minecraft:raw_copper":34,"minecraft:pufferfish":4,"minecraft:bone":2,"minecraft:cobbled_deepslate":2,"minecraft:raw_gold":9,"minecraft:iron_ingot":1,"minecraft:stone_pickaxe":2,"minecraft:sugar_cane":10,"minecraft:oak_planks":52,"minecraft:furnace":3,"minecraft:raw_iron":38,"minecraft:stick":9,"minecraft:torch":5,"minecraft:bowl":1,"minecraft:gravel":12,"minecraft:diorite":6,"minecraft:arrow":4,"minecraft:rotten_flesh":1,"minecraft:diamond":2,"minecraft:tropical_fish":1,"minecraft:stone_axe":2,"minecraft:oak_sapling":8,"minecraft:coal":59,"minecraft:cod":29,"minecraft:cobblestone":191},"minecraft:killed":{"minecraft:salmon":2,"minecraft:spider":3,"minecraft:bat":1,"minecraft:cod":5,"minecraft:skeleton":2,"minecraft:zombie":2,"minecraft:drowned":1},"minecraft:dropped":{"minecraft:iron_ingot":1,"minecraft:stone_axe":3,"minecraft:diamond":1,"minecraft:cobblestone":5,"minecraft:oak_planks":51,"minecraft:pufferfish":4,"minecraft:stone_pickaxe":1},"minecraft:mined":{"minecraft:deepslate_diamond_ore":1,"minecraft:torch":3,"minecraft:crafting_table":2,"minecraft:cobblestone":17,"minecraft:copper_ore":10,"minecraft:deepslate_gold_ore":7,"minecraft:lapis_ore":3,"minecraft:oak_planks":1,"minecraft:sugar_cane":4,"minecraft:diorite":6,"minecraft:wall_torch":1,"minecraft:furnace":3,"minecraft:birch_log":1,"minecraft:iron_ore":37,"minecraft:andesite":3,"minecraft:coal_ore":26,"minecraft:oak_log":8,"minecraft:deepslate_iron_ore":1,"minecraft:gravel":4,"minecraft:dirt":13,"minecraft:stone":182,"minecraft:gold_ore":2,"minecraft:deepslate":4},"minecraft:crafted":{"minecraft:cooked_cod":27,"minecraft:oak_planks":32,"minecraft:fishing_rod":1,"minecraft:crafting_table":2,"minecraft:iron_helmet":1,"minecraft:iron_sword":1,"minecraft:furnace":1,"minecraft:cooked_salmon":7,"minecraft:birch_planks":4,"minecraft:stone_axe":1,"minecraft:air":0,"minecraft:iron_boots":1,"minecraft:iron_chestplate":1,"minecraft:shield":1,"minecraft:stick":4,"minecraft:iron_ingot":38,"minecraft:iron_pickaxe":1,"minecraft:iron_leggings":1,"minecraft:torch":16},"minecraft:broken":{"minecraft:stone_pickaxe":1}},"DataVersion":4082}