{"stats":{"minecraft:custom":{"minecraft:mob_kills":53,"minecraft:interact_with_crafting_table":22,"minecraft:leave_game":3,"minecraft:time_since_death":51996,"minecraft:sprint_one_cm":245051,"minecraft:walk_one_cm":353458,"minecraft:damage_blocked_by_shield":1613,"minecraft:drop":35,"minecraft:talked_to_villager":8,"minecraft:play_time":212250,"minecraft:deaths":1,"minecraft:sneak_time":3085,"minecraft:walk_under_water_one_cm":12539,"minecraft:boat_one_cm":64170,"minecraft:jump":1767,"minecraft:interact_with_blast_furnace":3,"minecraft:walk_on_water_one_cm":11630,"minecraft:total_world_time":212250,"minecraft:interact_with_furnace":61,"minecraft:traded_with_villager":15,"minecraft:sleep_in_bed":3,"minecraft:time_since_rest":52023,"minecraft:damage_taken":1666,"minecraft:damage_dealt":8256,"minecraft:swim_one_cm":15882,"minecraft:fly_one_cm":214017,"minecraft:player_kills":1,"minecraft:open_chest":18,"minecraft:crouch_one_cm":5462,"minecraft:fish_caught":58,"minecraft:fall_one_cm":37244},"minecraft:mined":{"minecraft:tuff":4,"minecraft:deepslate_diamond_ore":11,"minecraft:sculk_vein":8,"minecraft:hay_block":34,"minecraft:furnace":4,"minecraft:iron_ore":37,"minecraft:andesite":3,"minecraft:deepslate_lapis_ore":8,"minecraft:sculk_shrieker":1,"minecraft:bookshelf":8,"minecraft:deepslate_iron_ore":17,"minecraft:stone":183,"minecraft:deepslate_redstone_ore":6,"minecraft:crafting_table":7,"minecraft:torch":3,"minecraft:short_grass":12,"minecraft:blast_furnace":2,"minecraft:sculk_sensor":2,"minecraft:lectern":2,"minecraft:copper_ore":10,"minecraft:cobblestone":17,"minecraft:lapis_ore":3,"minecraft:deepslate_gold_ore":14,"minecraft:sugar_cane":4,"minecraft:oak_planks":3,"minecraft:sculk":1217,"minecraft:diorite":6,"minecraft:wall_torch":4,"minecraft:birch_log":38,"minecraft:birch_leaves":3,"minecraft:oak_log":18,"minecraft:coal_ore":39,"minecraft:gravel":5,"minecraft:dirt":13,"minecraft:gold_ore":2,"minecraft:deepslate":43},"minecraft:killed_by":{"minecraft:enderman":1},"minecraft:used":{"minecraft:chest":2,"minecraft:shield":46,"minecraft:iron_sword":153,"minecraft:cooked_salmon":16,"minecraft:rotten_flesh":1,"minecraft:stone_hoe":39,"minecraft:torch":55,"minecraft:tuff":6,"minecraft:iron_helmet":1,"minecraft:iron_boots":1,"minecraft:furnace":5,"minecraft:cooked_cod":12,"minecraft:cobbled_deepslate":10,"minecraft:iron_leggings":1,"minecraft:water_bucket":3,"minecraft:stone_pickaxe":131,"minecraft:oak_planks":7,"minecraft:salmon":1,"minecraft:crafting_table":9,"minecraft:blast_furnace":2,"minecraft:iron_pickaxe":279,"minecraft:stone_axe":76,"minecraft:fishing_rod":81,"minecraft:cobblestone":68,"minecraft:bucket":3},"minecraft:broken":{"minecraft:stone_pickaxe":1,"minecraft:iron_pickaxe":1},"minecraft:killed":{"minecraft:spider":9,"minecraft:cod":5,"minecraft:skeleton":5,"minecraft:drowned":1,"minecraft:pig":6,"minecraft:salmon":2,"minecraft:bat":1,"minecraft:sheep":2,"minecraft:zombie":21,"minecraft:enderman":1},"minecraft:picked_up":{"minecraft:fishing_rod":2,"minecraft:crafting_table":8,"minecraft:iron_chestplate":1,"minecraft:shield":1,"minecraft:string":8,"minecraft:raw_copper":34,"minecraft:cooked_salmon":7,"minecraft:iron_leggings":1,"minecraft:pufferfish":9,"minecraft:cobbled_deepslate":50,"minecraft:iron_pickaxe":1,"minecraft:lectern":1,"minecraft:sugar_cane":10,"minecraft:birch_sapling":1,"minecraft:furnace":4,"minecraft:iron_boots":1,"minecraft:stick":10,"minecraft:raw_iron":52,"minecraft:torch":68,"minecraft:bowl":2,"minecraft:porkchop":10,"minecraft:diorite":6,"minecraft:redstone":28,"minecraft:arrow":7,"minecraft:rotten_flesh":27,"minecraft:cooked_cod":30,"minecraft:tropical_fish":1,"minecraft:hay_block":34,"minecraft:mutton":6,"minecraft:cobblestone":192,"minecraft:cod":41,"minecraft:white_wool":3,"minecraft:birch_log":37,"minecraft:andesite":3,"minecraft:tripwire_hook":2,"minecraft:water_bucket":1,"minecraft:salmon":17,"minecraft:brown_wool":1,"minecraft:leather":1,"minecraft:flint":1,"minecraft:tuff":6,"minecraft:lily_pad":3,"minecraft:oak_log":18,"minecraft:lapis_lazuli":68,"minecraft:dirt":29,"minecraft:bone":6,"minecraft:bow":1,"minecraft:raw_gold":16,"minecraft:stone_pickaxe":2,"minecraft:iron_ingot":1,"minecraft:iron_sword":2,"minecraft:oak_planks":82,"minecraft:book":12,"minecraft:gravel":13,"minecraft:blast_furnace":2,"minecraft:grass_block":1,"minecraft:spider_eye":2,"minecraft:diamond":12,"minecraft:stone_axe":2,"minecraft:iron_helmet":1,"minecraft:granite":2,"minecraft:oak_sapling":8,"minecraft:coal":72},"minecraft:crafted":{"minecraft:oak_planks":72,"minecraft:fishing_rod":1,"minecraft:furnace":2,"minecraft:iron_boots":1,"minecraft:chest":2,"minecraft:stone_hoe":1,"minecraft:wheat":306,"minecraft:cooked_cod":35,"minecraft:emerald":15,"minecraft:crafting_table":3,"minecraft:iron_helmet":1,"minecraft:iron_sword":1,"minecraft:cooked_salmon":16,"minecraft:birch_planks":4,"minecraft:stone_axe":2,"minecraft:air":0,"minecraft:iron_chestplate":1,"minecraft:shield":1,"minecraft:stick":24,"minecraft:iron_pickaxe":2,"minecraft:iron_ingot":50,"minecraft:iron_leggings":1,"minecraft:torch":64},"minecraft:dropped":{"minecraft:iron_ingot":18,"minecraft:iron_sword":1,"minecraft:diamond":1,"minecraft:cobblestone":5,"minecraft:tropical_fish":1,"minecraft:stick":1,"minecraft:pufferfish":9,"minecraft:dirt":29,"minecraft:diorite":6,"minecraft:cooked_cod":10,"minecraft:fishing_rod":2,"minecraft:gravel":13,"minecraft:stone_axe":3,"minecraft:cobbled_deepslate":2,"minecraft:bowl":2,"minecraft:rotten_flesh":4,"minecraft:oak_planks":51,"minecraft:andesite":3,"minecraft:oak_sapling":8,"minecraft:spider_eye":2,"minecraft:bow":1,"minecraft:stone_pickaxe":1}},"DataVersion":4082}