{"stats":{"minecraft:used":{"minecraft:chest":2,"minecraft:shield":37,"minecraft:iron_sword":85,"minecraft:cooked_salmon":10,"minecraft:stone_hoe":39,"minecraft:rotten_flesh":1,"minecraft:torch":10,"minecraft:iron_helmet":1,"minecraft:iron_boots":1,"minecraft:furnace":5,"minecraft:cooked_cod":7,"minecraft:iron_leggings":1,"minecraft:stone_pickaxe":131,"minecraft:oak_planks":7,"minecraft:salmon":1,"minecraft:crafting_table":6,"minecraft:blast_furnace":2,"minecraft:iron_pickaxe":188,"minecraft:stone_axe":76,"minecraft:fishing_rod":81,"minecraft:cobblestone":68},"minecraft:custom":{"minecraft:mob_kills":34,"minecraft:interact_with_crafting_table":19,"minecraft:leave_game":3,"minecraft:time_since_death":2573,"minecraft:sprint_one_cm":195607,"minecraft:walk_one_cm":223175,"minecraft:damage_blocked_by_shield":1266,"minecraft:drop":32,"minecraft:talked_to_villager":8,"minecraft:play_time":162827,"minecraft:deaths":1,"minecraft:sneak_time":2314,"minecraft:walk_under_water_one_cm":11778,"minecraft:boat_one_cm":64170,"minecraft:jump":1214,"minecraft:interact_with_blast_furnace":3,"minecraft:walk_on_water_one_cm":11255,"minecraft:total_world_time":162827,"minecraft:interact_with_furnace":60,"minecraft:traded_with_villager":15,"minecraft:sleep_in_bed":3,"minecraft:time_since_rest":2600,"minecraft:damage_taken":1115,"minecraft:damage_dealt":4595,"minecraft:swim_one_cm":15882,"minecraft:fly_one_cm":141386,"minecraft:player_kills":1,"minecraft:open_chest":18,"minecraft:crouch_one_cm":4269,"minecraft:fish_caught":58,"minecraft:fall_one_cm":22859},"minecraft:picked_up":{"minecraft:fishing_rod":2,"minecraft:iron_chestplate":1,"minecraft:crafting_table":5,"minecraft:shield":1,"minecraft:string":7,"minecraft:raw_copper":34,"minecraft:cooked_salmon":7,"minecraft:iron_leggings":1,"minecraft:pufferfish":9,"minecraft:cobbled_deepslate":2,"minecraft:iron_pickaxe":1,"minecraft:lectern":1,"minecraft:sugar_cane":10,"minecraft:birch_sapling":1,"minecraft:furnace":4,"minecraft:iron_boots":1,"minecraft:stick":10,"minecraft:raw_iron":38,"minecraft:torch":64,"minecraft:bowl":2,"minecraft:porkchop":10,"minecraft:diorite":6,"minecraft:arrow":7,"minecraft:rotten_flesh":7,"minecraft:cooked_cod":30,"minecraft:tropical_fish":1,"minecraft:hay_block":34,"minecraft:mutton":6,"minecraft:cobblestone":192,"minecraft:cod":41,"minecraft:white_wool":3,"minecraft:birch_log":37,"minecraft:tripwire_hook":2,"minecraft:salmon":17,"minecraft:andesite":3,"minecraft:brown_wool":1,"minecraft:leather":1,"minecraft:flint":1,"minecraft:lily_pad":3,"minecraft:oak_log":18,"minecraft:lapis_lazuli":22,"minecraft:dirt":29,"minecraft:bone":4,"minecraft:bow":1,"minecraft:raw_gold":9,"minecraft:stone_pickaxe":2,"minecraft:iron_ingot":1,"minecraft:oak_planks":82,"minecraft:iron_sword":2,"minecraft:book":12,"minecraft:gravel":13,"minecraft:blast_furnace":2,"minecraft:grass_block":1,"minecraft:spider_eye":2,"minecraft:diamond":2,"minecraft:stone_axe":2,"minecraft:iron_helmet":1,"minecraft:oak_sapling":8,"minecraft:coal":72},"minecraft:killed":{"minecraft:spider":7,"minecraft:cod":5,"minecraft:skeleton":4,"minecraft:drowned":1,"minecraft:pig":6,"minecraft:salmon":2,"minecraft:bat":1,"minecraft:sheep":2,"minecraft:zombie":5,"minecraft:enderman":1},"minecraft:dropped":{"minecraft:iron_ingot":9,"minecraft:iron_sword":1,"minecraft:diamond":1,"minecraft:cobblestone":5,"minecraft:tropical_fish":1,"minecraft:stick":1,"minecraft:pufferfish":9,"minecraft:dirt":29,"minecraft:diorite":6,"minecraft:fishing_rod":2,"minecraft:gravel":13,"minecraft:stone_axe":3,"minecraft:cobbled_deepslate":2,"minecraft:bowl":2,"minecraft:rotten_flesh":4,"minecraft:oak_planks":51,"minecraft:andesite":3,"minecraft:oak_sapling":8,"minecraft:spider_eye":2,"minecraft:bow":1,"minecraft:stone_pickaxe":1},"minecraft:mined":{"minecraft:deepslate_diamond_ore":1,"minecraft:hay_block":34,"minecraft:furnace":4,"minecraft:iron_ore":37,"minecraft:andesite":3,"minecraft:bookshelf":8,"minecraft:deepslate_iron_ore":1,"minecraft:stone":183,"minecraft:crafting_table":4,"minecraft:torch":3,"minecraft:short_grass":11,"minecraft:blast_furnace":2,"minecraft:lectern":2,"minecraft:copper_ore":10,"minecraft:cobblestone":17,"minecraft:lapis_ore":3,"minecraft:deepslate_gold_ore":7,"minecraft:sugar_cane":4,"minecraft:oak_planks":3,"minecraft:diorite":6,"minecraft:wall_torch":1,"minecraft:birch_log":38,"minecraft:birch_leaves":3,"minecraft:oak_log":18,"minecraft:coal_ore":39,"minecraft:gravel":5,"minecraft:dirt":13,"minecraft:gold_ore":2,"minecraft:deepslate":4},"minecraft:crafted":{"minecraft:oak_planks":72,"minecraft:fishing_rod":1,"minecraft:furnace":1,"minecraft:iron_boots":1,"minecraft:chest":2,"minecraft:stone_hoe":1,"minecraft:wheat":306,"minecraft:cooked_cod":35,"minecraft:emerald":15,"minecraft:crafting_table":3,"minecraft:iron_helmet":1,"minecraft:iron_sword":1,"minecraft:cooked_salmon":16,"minecraft:birch_planks":4,"minecraft:stone_axe":2,"minecraft:air":0,"minecraft:iron_chestplate":1,"minecraft:shield":1,"minecraft:stick":20,"minecraft:iron_pickaxe":1,"minecraft:iron_ingot":38,"minecraft:iron_leggings":1,"minecraft:torch":64},"minecraft:killed_by":{"minecraft:enderman":1},"minecraft:broken":{"minecraft:stone_pickaxe":1}},"DataVersion":4082}