{"stats":{"minecraft:used":{"minecraft:stone_pickaxe":131,"minecraft:oak_planks":1,"minecraft:shield":19,"minecraft:iron_sword":34,"minecraft:cooked_salmon":3,"minecraft:rotten_flesh":1,"minecraft:torch":10,"minecraft:crafting_table":4,"minecraft:iron_pickaxe":172,"minecraft:iron_helmet":1,"minecraft:iron_boots":1,"minecraft:stone_axe":65,"minecraft:fishing_rod":81,"minecraft:cobblestone":65,"minecraft:furnace":4,"minecraft:cooked_cod":7,"minecraft:iron_leggings":1},"minecraft:custom":{"minecraft:interact_with_furnace":59,"minecraft:mob_kills":16,"minecraft:interact_with_crafting_table":14,"minecraft:time_since_death":95368,"minecraft:time_since_rest":95368,"minecraft:sprint_one_cm":76360,"minecraft:damage_taken":573,"minecraft:walk_one_cm":123041,"minecraft:damage_blocked_by_shield":562,"minecraft:drop":26,"minecraft:damage_dealt":1968,"minecraft:swim_one_cm":12883,"minecraft:fly_one_cm":42001,"minecraft:player_kills":1,"minecraft:open_chest":4,"minecraft:crouch_one_cm":4139,"minecraft:play_time":95368,"minecraft:sneak_time":2174,"minecraft:walk_under_water_one_cm":11694,"minecraft:boat_one_cm":64170,"minecraft:jump":578,"minecraft:walk_on_water_one_cm":9770,"minecraft:fish_caught":58,"minecraft:total_world_time":95368,"minecraft:fall_one_cm":8386},"minecraft:picked_up":{"minecraft:birch_log":37,"minecraft:fishing_rod":2,"minecraft:crafting_table":3,"minecraft:tripwire_hook":2,"minecraft:salmon":17,"minecraft:andesite":3,"minecraft:leather":1,"minecraft:flint":1,"minecraft:lily_pad":3,"minecraft:oak_log":18,"minecraft:dirt":29,"minecraft:lapis_lazuli":22,"minecraft:string":3,"minecraft:raw_copper":34,"minecraft:pufferfish":9,"minecraft:bone":2,"minecraft:bow":1,"minecraft:cobbled_deepslate":2,"minecraft:raw_gold":9,"minecraft:iron_ingot":1,"minecraft:stone_pickaxe":2,"minecraft:sugar_cane":10,"minecraft:iron_sword":1,"minecraft:birch_sapling":1,"minecraft:oak_planks":52,"minecraft:furnace":4,"minecraft:raw_iron":38,"minecraft:stick":9,"minecraft:torch":5,"minecraft:bowl":2,"minecraft:gravel":13,"minecraft:diorite":6,"minecraft:cooked_cod":1,"minecraft:arrow":4,"minecraft:rotten_flesh":1,"minecraft:diamond":2,"minecraft:tropical_fish":1,"minecraft:stone_axe":2,"minecraft:oak_sapling":8,"minecraft:coal":59,"minecraft:cod":41,"minecraft:cobblestone":191},"minecraft:killed":{"minecraft:salmon":2,"minecraft:spider":3,"minecraft:bat":1,"minecraft:cod":5,"minecraft:skeleton":2,"minecraft:zombie":2,"minecraft:drowned":1},"minecraft:dropped":{"minecraft:gravel":12,"minecraft:iron_ingot":9,"minecraft:iron_sword":1,"minecraft:stone_axe":3,"minecraft:cobbled_deepslate":2,"minecraft:bowl":2,"minecraft:diamond":1,"minecraft:cobblestone":5,"minecraft:oak_planks":51,"minecraft:tropical_fish":1,"minecraft:pufferfish":9,"minecraft:dirt":29,"minecraft:diorite":6,"minecraft:andesite":3,"minecraft:oak_sapling":8,"minecraft:bow":1,"minecraft:stone_pickaxe":1,"minecraft:fishing_rod":2},"minecraft:mined":{"minecraft:deepslate_diamond_ore":1,"minecraft:torch":3,"minecraft:crafting_table":3,"minecraft:short_grass":1,"minecraft:cobblestone":17,"minecraft:copper_ore":10,"minecraft:deepslate_gold_ore":7,"minecraft:lapis_ore":3,"minecraft:oak_planks":1,"minecraft:sugar_cane":4,"minecraft:diorite":6,"minecraft:wall_torch":1,"minecraft:furnace":4,"minecraft:birch_log":38,"minecraft:iron_ore":37,"minecraft:birch_leaves":3,"minecraft:andesite":3,"minecraft:coal_ore":26,"minecraft:oak_log":18,"minecraft:deepslate_iron_ore":1,"minecraft:gravel":5,"minecraft:dirt":13,"minecraft:stone":182,"minecraft:gold_ore":2,"minecraft:deepslate":4},"minecraft:crafted":{"minecraft:cooked_cod":35,"minecraft:oak_planks":32,"minecraft:fishing_rod":1,"minecraft:crafting_table":2,"minecraft:iron_helmet":1,"minecraft:iron_sword":1,"minecraft:furnace":1,"minecraft:cooked_salmon":16,"minecraft:birch_planks":4,"minecraft:stone_axe":2,"minecraft:air":0,"minecraft:iron_boots":1,"minecraft:iron_chestplate":1,"minecraft:shield":1,"minecraft:stick":8,"minecraft:iron_ingot":38,"minecraft:iron_pickaxe":1,"minecraft:iron_leggings":1,"minecraft:torch":16},"minecraft:broken":{"minecraft:stone_pickaxe":1}},"DataVersion":4082}