{"stats":{"minecraft:used":{"minecraft:stone_pickaxe":118,"minecraft:stone_axe":8,"minecraft:cobblestone":7,"minecraft:crafting_table":1,"minecraft:furnace":1},"minecraft:picked_up":{"minecraft:birch_log":1,"minecraft:stick":5,"minecraft:raw_iron":26,"minecraft:oak_log":3,"minecraft:string":2,"minecraft:stone_axe":2,"minecraft:stone_pickaxe":2,"minecraft:oak_sapling":6,"minecraft:oak_planks":51,"minecraft:coal":16,"minecraft:cobblestone":77},"minecraft:custom":{"minecraft:time_since_rest":11368,"minecraft:interact_with_furnace":7,"minecraft:sprint_one_cm":7666,"minecraft:damage_taken":177,"minecraft:walk_one_cm":25793,"minecraft:mob_kills":1,"minecraft:drop":4,"minecraft:damage_dealt":319,"minecraft:player_kills":1,"minecraft:interact_with_crafting_table":3,"minecraft:fly_one_cm":8907,"minecraft:play_time":11368,"minecraft:sneak_time":39,"minecraft:jump":171,"minecraft:time_since_death":11368,"minecraft:total_world_time":11368,"minecraft:fall_one_cm":3015},"minecraft:killed":{"minecraft:spider":1},"minecraft:dropped":{"minecraft:stone_axe":1,"minecraft:cobblestone":5,"minecraft:oak_planks":51,"minecraft:stone_pickaxe":1},"minecraft:mined":{"minecraft:birch_log":1,"minecraft:iron_ore":26,"minecraft:oak_log":3,"minecraft:coal_ore":18,"minecraft:stone":74},"minecraft:crafted":{"minecraft:crafting_table":1,"minecraft:iron_ingot":6,"minecraft:iron_pickaxe":1,"minecraft:iron_sword":1,"minecraft:furnace":1,"minecraft:birch_planks":4,"minecraft:air":0}},"DataVersion":4082}