{"stats":{"minecraft:used":{"minecraft:stone_pickaxe":131,"minecraft:oak_planks":1,"minecraft:shield":18,"minecraft:iron_sword":31,"minecraft:cooked_salmon":3,"minecraft:rotten_flesh":1,"minecraft:torch":10,"minecraft:crafting_table":4,"minecraft:iron_pickaxe":161,"minecraft:iron_helmet":1,"minecraft:iron_boots":1,"minecraft:stone_axe":13,"minecraft:fishing_rod":8,"minecraft:cobblestone":65,"minecraft:furnace":4,"minecraft:cooked_cod":5,"minecraft:iron_leggings":1},"minecraft:custom":{"minecraft:interact_with_furnace":38,"minecraft:mob_kills":15,"minecraft:interact_with_crafting_table":13,"minecraft:time_since_death":47368,"minecraft:time_since_rest":47368,"minecraft:sprint_one_cm":60703,"minecraft:damage_taken":545,"minecraft:walk_one_cm":84028,"minecraft:damage_blocked_by_shield":465,"minecraft:drop":7,"minecraft:damage_dealt":1868,"minecraft:swim_one_cm":9868,"minecraft:fly_one_cm":35852,"minecraft:player_kills":1,"minecraft:crouch_one_cm":4139,"minecraft:play_time":47368,"minecraft:sneak_time":2085,"minecraft:walk_under_water_one_cm":11439,"minecraft:jump":480,"minecraft:walk_on_water_one_cm":7801,"minecraft:fish_caught":5,"minecraft:total_world_time":47368,"minecraft:fall_one_cm":7310},"minecraft:picked_up":{"minecraft:birch_log":1,"minecraft:crafting_table":2,"minecraft:salmon":3,"minecraft:andesite":3,"minecraft:flint":1,"minecraft:oak_log":8,"minecraft:dirt":13,"minecraft:lapis_lazuli":22,"minecraft:string":3,"minecraft:raw_copper":34,"minecraft:cobbled_deepslate":2,"minecraft:raw_gold":9,"minecraft:iron_ingot":1,"minecraft:stone_pickaxe":2,"minecraft:sugar_cane":10,"minecraft:oak_planks":52,"minecraft:furnace":3,"minecraft:raw_iron":38,"minecraft:stick":9,"minecraft:torch":5,"minecraft:gravel":12,"minecraft:diorite":6,"minecraft:arrow":2,"minecraft:rotten_flesh":1,"minecraft:diamond":1,"minecraft:tropical_fish":1,"minecraft:stone_axe":2,"minecraft:oak_sapling":8,"minecraft:coal":59,"minecraft:cod":7,"minecraft:cobblestone":182},"minecraft:killed":{"minecraft:salmon":2,"minecraft:spider":3,"minecraft:bat":1,"minecraft:cod":5,"minecraft:skeleton":1,"minecraft:zombie":2,"minecraft:drowned":1},"minecraft:dropped":{"minecraft:iron_ingot":1,"minecraft:stone_axe":3,"minecraft:cobblestone":5,"minecraft:oak_planks":51,"minecraft:stone_pickaxe":1},"minecraft:mined":{"minecraft:deepslate_diamond_ore":1,"minecraft:torch":3,"minecraft:crafting_table":2,"minecraft:cobblestone":7,"minecraft:copper_ore":10,"minecraft:deepslate_gold_ore":7,"minecraft:lapis_ore":3,"minecraft:oak_planks":1,"minecraft:sugar_cane":4,"minecraft:diorite":6,"minecraft:wall_torch":1,"minecraft:furnace":3,"minecraft:birch_log":1,"minecraft:iron_ore":37,"minecraft:andesite":3,"minecraft:coal_ore":26,"minecraft:oak_log":8,"minecraft:deepslate_iron_ore":1,"minecraft:gravel":4,"minecraft:dirt":13,"minecraft:stone":182,"minecraft:gold_ore":2,"minecraft:deepslate":4},"minecraft:crafted":{"minecraft:cooked_cod":6,"minecraft:oak_planks":32,"minecraft:fishing_rod":1,"minecraft:crafting_table":2,"minecraft:iron_helmet":1,"minecraft:iron_sword":1,"minecraft:furnace":1,"minecraft:cooked_salmon":3,"minecraft:birch_planks":4,"minecraft:stone_axe":1,"minecraft:air":0,"minecraft:iron_boots":1,"minecraft:iron_chestplate":1,"minecraft:shield":1,"minecraft:stick":4,"minecraft:iron_ingot":38,"minecraft:iron_pickaxe":1,"minecraft:iron_leggings":1,"minecraft:torch":16},"minecraft:broken":{"minecraft:stone_pickaxe":1}},"DataVersion":4082}