{"stats":{"minecraft:custom":{"minecraft:mob_kills":124,"minecraft:interact_with_crafting_table":27,"minecraft:bell_ring":2,"minecraft:leave_game":3,"minecraft:time_since_death":147996,"minecraft:sprint_one_cm":454387,"minecraft:walk_one_cm":541083,"minecraft:damage_blocked_by_shield":1613,"minecraft:drop":93,"minecraft:talked_to_villager":65,"minecraft:raid_win":1,"minecraft:play_time":308250,"minecraft:deaths":1,"minecraft:sneak_time":3197,"minecraft:walk_under_water_one_cm":14433,"minecraft:boat_one_cm":64170,"minecraft:jump":3193,"minecraft:interact_with_blast_furnace":8,"minecraft:walk_on_water_one_cm":22658,"minecraft:total_world_time":308250,"minecraft:interact_with_furnace":66,"minecraft:traded_with_villager":57,"minecraft:raid_trigger":1,"minecraft:sleep_in_bed":4,"minecraft:time_since_rest":2819,"minecraft:damage_taken":2100,"minecraft:damage_dealt":15533,"minecraft:swim_one_cm":31079,"minecraft:fly_one_cm":486524,"minecraft:player_kills":1,"minecraft:open_chest":85,"minecraft:crouch_one_cm":5538,"minecraft:fish_caught":58,"minecraft:fall_one_cm":86235},"minecraft:mined":{"minecraft:tuff":4,"minecraft:spruce_planks":1,"minecraft:deepslate_diamond_ore":11,"minecraft:sculk_vein":8,"minecraft:lever":2,"minecraft:grass_block":21,"minecraft:kelp":1,"minecraft:hay_block":34,"minecraft:tall_seagrass":4,"minecraft:oak_trapdoor":4,"minecraft:furnace":4,"minecraft:iron_ore":38,"minecraft:andesite":3,"minecraft:deepslate_lapis_ore":8,"minecraft:sculk_shrieker":1,"minecraft:bookshelf":8,"minecraft:deepslate_iron_ore":17,"minecraft:stone":192,"minecraft:tripwire":6,"minecraft:deepslate_redstone_ore":6,"minecraft:kelp_plant":13,"minecraft:dandelion":1,"minecraft:oak_fence":1,"minecraft:crafting_table":7,"minecraft:torch":3,"minecraft:short_grass":46,"minecraft:blast_furnace":2,"minecraft:sculk_sensor":2,"minecraft:lectern":2,"minecraft:tall_grass":4,"minecraft:copper_ore":10,"minecraft:cobblestone":60,"minecraft:lapis_ore":3,"minecraft:deepslate_gold_ore":14,"minecraft:sugar_cane":7,"minecraft:oak_planks":7,"minecraft:sculk":1217,"minecraft:diorite":6,"minecraft:wall_torch":4,"minecraft:seagrass":1,"minecraft:birch_log":43,"minecraft:spruce_log":77,"minecraft:birch_leaves":4,"minecraft:oak_log":95,"minecraft:coal_ore":89,"minecraft:gravel":138,"minecraft:dirt":20,"minecraft:tripwire_hook":4,"minecraft:gold_ore":2,"minecraft:oak_leaves":2,"minecraft:deepslate":43},"minecraft:killed_by":{"minecraft:enderman":1},"minecraft:used":{"minecraft:oak_trapdoor":6,"minecraft:iron_shovel":158,"minecraft:spruce_planks":5,"minecraft:chest":2,"minecraft:shield":46,"minecraft:iron_sword":323,"minecraft:cooked_salmon":16,"minecraft:rotten_flesh":1,"minecraft:stone_hoe":39,"minecraft:torch":55,"minecraft:dirt":11,"minecraft:mutton":3,"minecraft:tuff":6,"minecraft:iron_axe":177,"minecraft:birch_sapling":3,"minecraft:iron_helmet":1,"minecraft:iron_boots":1,"minecraft:beef":2,"minecraft:tripwire_hook":6,"minecraft:bow":12,"minecraft:oak_sapling":1,"minecraft:furnace":5,"minecraft:cooked_cod":26,"minecraft:cobbled_deepslate":10,"minecraft:iron_leggings":1,"minecraft:water_bucket":15,"minecraft:stone_pickaxe":131,"minecraft:oak_planks":7,"minecraft:salmon":1,"minecraft:crafting_table":9,"minecraft:blast_furnace":2,"minecraft:shears":4,"minecraft:lever":3,"minecraft:diamond_pickaxe":1,"minecraft:bread":2,"minecraft:string":14,"minecraft:iron_pickaxe":384,"minecraft:stone_axe":76,"minecraft:fishing_rod":81,"minecraft:cobblestone":173,"minecraft:bucket":15},"minecraft:broken":{"minecraft:stone_pickaxe":1,"minecraft:iron_sword":1,"minecraft:iron_pickaxe":1},"minecraft:killed":{"minecraft:spider":10,"minecraft:cod":5,"minecraft:horse":1,"minecraft:skeleton":5,"minecraft:chicken":14,"minecraft:drowned":1,"minecraft:pig":15,"minecraft:salmon":2,"minecraft:bat":1,"minecraft:ravager":1,"minecraft:sheep":11,"minecraft:pillager":6,"minecraft:donkey":1,"minecraft:zombie":24,"minecraft:villager":1,"minecraft:cow":22,"minecraft:enderman":1},"minecraft:picked_up":{"minecraft:fishing_rod":2,"minecraft:crafting_table":8,"minecraft:iron_chestplate":2,"minecraft:chainmail_boots":1,"minecraft:chicken":14,"minecraft:shield":2,"minecraft:oak_trapdoor":4,"minecraft:string":31,"minecraft:raw_copper":34,"minecraft:cooked_salmon":7,"minecraft:flint_and_steel":1,"minecraft:iron_leggings":1,"minecraft:pufferfish":9,"minecraft:cobbled_deepslate":114,"minecraft:spruce_planks":1,"minecraft:bucket":1,"minecraft:beef":47,"minecraft:iron_pickaxe":1,"minecraft:lectern":1,"minecraft:sugar_cane":19,"minecraft:birch_sapling":4,"minecraft:egg":9,"minecraft:furnace":4,"minecraft:iron_boots":1,"minecraft:stick":140,"minecraft:raw_iron":53,"minecraft:oak_fence":1,"minecraft:torch":69,"minecraft:bowl":2,"minecraft:porkchop":28,"minecraft:cookie":1,"minecraft:diorite":14,"minecraft:redstone":28,"minecraft:arrow":8,"minecraft:rotten_flesh":28,"minecraft:cooked_cod":30,"minecraft:tropical_fish":1,"minecraft:shears":2,"minecraft:hay_block":34,"minecraft:saddle":2,"minecraft:snowball":8,"minecraft:mutton":19,"minecraft:cobblestone":252,"minecraft:cod":41,"minecraft:white_wool":12,"minecraft:birch_log":70,"minecraft:feather":17,"minecraft:andesite":3,"minecraft:tripwire_hook":6,"minecraft:water_bucket":1,"minecraft:salmon":17,"minecraft:brown_wool":1,"minecraft:leather":30,"minecraft:flint":15,"minecraft:chainmail_chestplate":1,"minecraft:tuff":6,"minecraft:lily_pad":3,"minecraft:oak_log":99,"minecraft:lapis_lazuli":68,"minecraft:dirt":49,"minecraft:white_banner":3,"minecraft:name_tag":1,"minecraft:bone":6,"minecraft:kelp":68,"minecraft:bow":1,"minecraft:wheat_seeds":5,"minecraft:raw_gold":16,"minecraft:stone_pickaxe":2,"minecraft:iron_ingot":1,"minecraft:iron_sword":4,"minecraft:oak_planks":86,"minecraft:book":12,"minecraft:pumpkin":7,"minecraft:dandelion":1,"minecraft:gravel":133,"minecraft:spruce_sapling":4,"minecraft:blast_furnace":2,"minecraft:spruce_log":77,"minecraft:grass_block":1,"minecraft:spider_eye":2,"minecraft:diamond":12,"minecraft:stone_axe":2,"minecraft:lever":2,"minecraft:iron_helmet":2,"minecraft:crossbow":1,"minecraft:granite":2,"minecraft:oak_sapling":9,"minecraft:coal":122},"minecraft:crafted":{"minecraft:oak_planks":396,"minecraft:fishing_rod":1,"minecraft:furnace":2,"minecraft:lever":1,"minecraft:oak_trapdoor":2,"minecraft:iron_boots":7,"minecraft:iron_axe":1,"minecraft:chest":2,"minecraft:stone_hoe":1,"minecraft:wheat":306,"minecraft:cooked_cod":35,"minecraft:emerald":40,"minecraft:crafting_table":3,"minecraft:spruce_planks":308,"minecraft:iron_helmet":6,"minecraft:iron_sword":1,"minecraft:cooked_salmon":16,"minecraft:birch_planks":136,"minecraft:stone_axe":2,"minecraft:air":0,"minecraft:iron_chestplate":1,"minecraft:diamond_pickaxe":1,"minecraft:shield":1,"minecraft:stick":964,"minecraft:chainmail_boots":6,"minecraft:iron_pickaxe":2,"minecraft:iron_ingot":59,"minecraft:iron_shovel":1,"minecraft:iron_leggings":1,"minecraft:torch":64,"minecraft:shears":1},"minecraft:dropped":{"minecraft:iron_ingot":18,"minecraft:iron_sword":2,"minecraft:wheat_seeds":1,"minecraft:diamond":1,"minecraft:crossbow":1,"minecraft:iron_helmet":3,"minecraft:cobblestone":5,"minecraft:saddle":1,"minecraft:tropical_fish":1,"minecraft:stick":129,"minecraft:pufferfish":9,"minecraft:dirt":29,"minecraft:diorite":6,"minecraft:torch":1,"minecraft:cooked_cod":10,"minecraft:snowball":8,"minecraft:iron_axe":1,"minecraft:pumpkin":7,"minecraft:white_banner":1,"minecraft:string":15,"minecraft:fishing_rod":2,"minecraft:bucket":1,"minecraft:spruce_sapling":3,"minecraft:gravel":13,"minecraft:stone_axe":3,"minecraft:cobbled_deepslate":2,"minecraft:bowl":2,"minecraft:rotten_flesh":5,"minecraft:oak_planks":51,"minecraft:iron_boots":2,"minecraft:name_tag":1,"minecraft:shears":3,"minecraft:shield":1,"minecraft:iron_chestplate":1,"minecraft:andesite":3,"minecraft:chainmail_boots":4,"minecraft:oak_sapling":8,"minecraft:spider_eye":2,"minecraft:bow":1,"minecraft:stone_pickaxe":1}},"DataVersion":4082}