{"stats":{"minecraft:custom":{"minecraft:mob_kills":18,"minecraft:interact_with_crafting_table":34,"minecraft:leave_game":17,"minecraft:time_since_death":140526,"minecraft:sprint_one_cm":237226,"minecraft:walk_one_cm":293359,"minecraft:drop":43,"minecraft:talked_to_villager":4,"minecraft:play_time":218669,"minecraft:deaths":6,"minecraft:sneak_time":3799,"minecraft:walk_under_water_one_cm":9387,"minecraft:boat_one_cm":64205,"minecraft:jump":1660,"minecraft:interact_with_blast_furnace":5,"minecraft:walk_on_water_one_cm":23812,"minecraft:total_world_time":218669,"minecraft:interact_with_furnace":88,"minecraft:sleep_in_bed":3,"minecraft:time_since_rest":94406,"minecraft:damage_taken":2351,"minecraft:damage_dealt":3398,"minecraft:swim_one_cm":27873,"minecraft:fly_one_cm":268794,"minecraft:open_chest":13,"minecraft:crouch_one_cm":6950,"minecraft:interact_with_smoker":1,"minecraft:fish_caught":11,"minecraft:fall_one_cm":39161},"minecraft:mined":{"minecraft:diamond_ore":1,"minecraft:tuff":18,"minecraft:granite":2,"minecraft:grass_block":2,"minecraft:spruce_leaves":32,"minecraft:redstone_ore":4,"minecraft:oak_trapdoor":4,"minecraft:furnace":3,"minecraft:cobbled_deepslate":4,"minecraft:iron_ore":33,"minecraft:fire":6,"minecraft:andesite":35,"minecraft:pumpkin":7,"minecraft:cave_vines":1,"minecraft:deepslate_iron_ore":11,"minecraft:stone":153,"minecraft:deepslate_redstone_ore":2,"minecraft:redstone_block":1,"minecraft:crafting_table":10,"minecraft:torch":2,"minecraft:short_grass":45,"minecraft:tall_grass":2,"minecraft:cobblestone":4,"minecraft:deepslate_gold_ore":4,"minecraft:oak_planks":1,"minecraft:diorite":13,"minecraft:wall_torch":2,"minecraft:deepslate_copper_ore":7,"minecraft:birch_log":6,"minecraft:spruce_log":105,"minecraft:birch_leaves":2,"minecraft:oak_log":92,"minecraft:coal_ore":21,"minecraft:gravel":13,"minecraft:dirt":4,"minecraft:cobweb":2,"minecraft:tripwire_hook":2,"minecraft:oak_leaves":41,"minecraft:deepslate":83},"minecraft:killed_by":{"minecraft:player":1,"minecraft:creeper":1,"minecraft:drowned":1,"minecraft:zombie":2},"minecraft:used":{"minecraft:oak_trapdoor":4,"minecraft:chest":5,"minecraft:iron_sword":61,"minecraft:cooked_salmon":1,"minecraft:rotten_flesh":12,"minecraft:iron_chestplate":1,"minecraft:torch":7,"minecraft:dirt":6,"minecraft:snowball":8,"minecraft:iron_axe":84,"minecraft:birch_sapling":2,"minecraft:oak_sapling":2,"minecraft:furnace":4,"minecraft:cooked_cod":9,"minecraft:cobbled_deepslate":14,"minecraft:cooked_mutton":2,"minecraft:water_bucket":16,"minecraft:diorite":4,"minecraft:stone_pickaxe":87,"minecraft:oak_planks":57,"minecraft:wooden_pickaxe":20,"minecraft:redstone_block":1,"minecraft:fletching_table":1,"minecraft:salmon":1,"minecraft:glow_berries":3,"minecraft:crafting_table":11,"minecraft:spruce_log":6,"minecraft:smoker":2,"minecraft:oak_log":5,"minecraft:bread":2,"minecraft:string":8,"minecraft:iron_pickaxe":295,"minecraft:spruce_sapling":25,"minecraft:gravel":10,"minecraft:stone_axe":183,"minecraft:fishing_rod":19,"minecraft:cobblestone":16,"minecraft:andesite":7,"minecraft:bucket":17,"minecraft:oak_boat":1},"minecraft:broken":{"minecraft:stone_axe":1,"minecraft:iron_pickaxe":1},"minecraft:killed":{"minecraft:spider":3,"minecraft:skeleton":1,"minecraft:drowned":1,"minecraft:salmon":1,"minecraft:sheep":2,"minecraft:zombie":10},"minecraft:picked_up":{"minecraft:fishing_rod":4,"minecraft:crafting_table":12,"minecraft:redstone_block":2,"minecraft:oak_trapdoor":4,"minecraft:string":18,"minecraft:iron_axe":2,"minecraft:raw_copper":28,"minecraft:pufferfish":7,"minecraft:cobbled_deepslate":81,"minecraft:oak_boat":1,"minecraft:iron_pickaxe":1,"minecraft:birch_sapling":2,"minecraft:furnace":4,"minecraft:iron_boots":1,"minecraft:stick":22,"minecraft:raw_iron":45,"minecraft:torch":59,"minecraft:bowl":2,"minecraft:diorite":12,"minecraft:redstone":54,"minecraft:arrow":4,"minecraft:rotten_flesh":19,"minecraft:cooked_cod":10,"minecraft:shears":1,"minecraft:mutton":2,"minecraft:cobblestone":206,"minecraft:cod":3,"minecraft:snowball":56,"minecraft:white_wool":2,"minecraft:birch_log":11,"minecraft:tripwire_hook":2,"minecraft:andesite":36,"minecraft:salmon":5,"minecraft:flint":2,"minecraft:tuff":18,"minecraft:oak_log":118,"minecraft:gunpowder":1,"minecraft:lapis_lazuli":15,"minecraft:dirt":22,"minecraft:name_tag":1,"minecraft:bow":1,"minecraft:wheat_seeds":6,"minecraft:raw_gold":8,"minecraft:stone_pickaxe":3,"minecraft:iron_ingot":20,"minecraft:oak_planks":59,"minecraft:iron_sword":3,"minecraft:pumpkin":14,"minecraft:gravel":11,"minecraft:spruce_sapling":29,"minecraft:spruce_log":105,"minecraft:diamond":4,"minecraft:stone_axe":6,"minecraft:iron_helmet":1,"minecraft:bread":2,"minecraft:oak_sapling":6,"minecraft:coal":51},"minecraft:crafted":{"minecraft:oak_planks":184,"minecraft:furnace":4,"minecraft:cooked_mutton":2,"minecraft:iron_axe":2,"minecraft:stone_pickaxe":3,"minecraft:chest":5,"minecraft:redstone_block":1,"minecraft:smoker":2,"minecraft:cooked_cod":4,"minecraft:crafting_table":3,"minecraft:spruce_planks":140,"minecraft:wooden_pickaxe":2,"minecraft:iron_sword":2,"minecraft:cooked_salmon":1,"minecraft:fletching_table":1,"minecraft:bucket":2,"minecraft:stone_axe":2,"minecraft:bread":2,"minecraft:air":0,"minecraft:oak_boat":1,"minecraft:iron_chestplate":1,"minecraft:stick":288,"minecraft:iron_ingot":26,"minecraft:iron_pickaxe":3,"minecraft:torch":24},"minecraft:dropped":{"minecraft:water_bucket":1,"minecraft:bread":2,"minecraft:lapis_lazuli":15,"minecraft:oak_log":4,"minecraft:diamond":2,"minecraft:coal":1,"minecraft:pufferfish":7,"minecraft:diorite":8,"minecraft:torch":22,"minecraft:fishing_rod":2,"minecraft:birch_log":28,"minecraft:stone_axe":2,"minecraft:bowl":2,"minecraft:name_tag":1,"minecraft:salmon":1,"minecraft:wooden_pickaxe":2,"minecraft:stone_pickaxe":2}},"DataVersion":4082}