{"stats":{"minecraft:used":{"minecraft:stone_pickaxe":59,"minecraft:wooden_pickaxe":17,"minecraft:iron_sword":12,"minecraft:redstone_block":1,"minecraft:rotten_flesh":3,"minecraft:crafting_table":5,"minecraft:oak_log":5,"minecraft:iron_axe":4,"minecraft:iron_pickaxe":15,"minecraft:stone_axe":84,"minecraft:cobblestone":6,"minecraft:oak_sapling":2,"minecraft:furnace":1},"minecraft:custom":{"minecraft:interact_with_furnace":2,"minecraft:mob_kills":6,"minecraft:interact_with_crafting_table":10,"minecraft:leave_game":1,"minecraft:time_since_death":4964,"minecraft:time_since_rest":4990,"minecraft:sprint_one_cm":46932,"minecraft:damage_taken":1462,"minecraft:walk_one_cm":59289,"minecraft:drop":6,"minecraft:damage_dealt":1332,"minecraft:swim_one_cm":1238,"minecraft:fly_one_cm":40746,"minecraft:crouch_one_cm":1311,"minecraft:play_time":32582,"minecraft:deaths":5,"minecraft:sneak_time":713,"minecraft:walk_under_water_one_cm":3436,"minecraft:jump":297,"minecraft:walk_on_water_one_cm":9433,"minecraft:total_world_time":32582,"minecraft:fall_one_cm":12263},"minecraft:picked_up":{"minecraft:birch_log":6,"minecraft:crafting_table":6,"minecraft:redstone_block":2,"minecraft:oak_log":73,"minecraft:string":1,"minecraft:iron_axe":2,"minecraft:cobbled_deepslate":1,"minecraft:raw_gold":8,"minecraft:iron_ingot":3,"minecraft:stone_pickaxe":2,"minecraft:oak_planks":51,"minecraft:iron_sword":2,"minecraft:furnace":1,"minecraft:raw_iron":12,"minecraft:stick":6,"minecraft:torch":32,"minecraft:redstone":54,"minecraft:arrow":4,"minecraft:rotten_flesh":10,"minecraft:stone_axe":5,"minecraft:oak_sapling":6,"minecraft:coal":11,"minecraft:cobblestone":101},"minecraft:killed":{"minecraft:spider":1,"minecraft:skeleton":1,"minecraft:zombie":4},"minecraft:dropped":{"minecraft:stone_axe":2,"minecraft:coal":1,"minecraft:stone_pickaxe":2,"minecraft:wooden_pickaxe":1},"minecraft:mined":{"minecraft:deepslate_redstone_ore":1,"minecraft:redstone_block":1,"minecraft:crafting_table":5,"minecraft:short_grass":1,"minecraft:cobblestone":2,"minecraft:deepslate_gold_ore":4,"minecraft:redstone_ore":4,"minecraft:furnace":1,"minecraft:birch_log":6,"minecraft:iron_ore":8,"minecraft:fire":6,"minecraft:birch_leaves":2,"minecraft:coal_ore":9,"minecraft:oak_log":73,"minecraft:deepslate_iron_ore":3,"minecraft:stone":55,"minecraft:oak_leaves":13,"minecraft:deepslate":1},"minecraft:crafted":{"minecraft:oak_planks":64,"minecraft:crafting_table":1,"minecraft:wooden_pickaxe":1,"minecraft:iron_sword":1,"minecraft:furnace":1,"minecraft:stone_axe":2,"minecraft:air":0,"minecraft:iron_axe":1,"minecraft:stick":24,"minecraft:iron_ingot":5,"minecraft:iron_pickaxe":1,"minecraft:stone_pickaxe":2,"minecraft:redstone_block":1,"minecraft:torch":16},"minecraft:killed_by":{"minecraft:player":1,"minecraft:creeper":1,"minecraft:zombie":2}},"DataVersion":4082}