{"stats":{"minecraft:custom":{"minecraft:mob_kills":62,"minecraft:interact_with_crafting_table":42,"minecraft:leave_game":18,"minecraft:time_since_death":37898,"minecraft:sprint_one_cm":361278,"minecraft:walk_one_cm":402414,"minecraft:damage_blocked_by_shield":865,"minecraft:drop":54,"minecraft:talked_to_villager":13,"minecraft:raid_win":1,"minecraft:play_time":278480,"minecraft:deaths":7,"minecraft:sneak_time":5033,"minecraft:walk_under_water_one_cm":12373,"minecraft:boat_one_cm":64205,"minecraft:jump":2923,"minecraft:interact_with_blast_furnace":6,"minecraft:walk_on_water_one_cm":37425,"minecraft:total_world_time":278480,"minecraft:interact_with_furnace":88,"minecraft:raid_trigger":1,"minecraft:sleep_in_bed":5,"minecraft:time_since_rest":127,"minecraft:damage_taken":2880,"minecraft:damage_dealt":10298,"minecraft:swim_one_cm":46397,"minecraft:fly_one_cm":528093,"minecraft:open_chest":28,"minecraft:crouch_one_cm":10206,"minecraft:interact_with_smoker":1,"minecraft:fish_caught":11,"minecraft:fall_one_cm":77936},"minecraft:mined":{"minecraft:diamond_ore":1,"minecraft:tuff":18,"minecraft:spruce_planks":2,"minecraft:obsidian":18,"minecraft:lever":2,"minecraft:granite":3,"minecraft:grass_block":8,"minecraft:spruce_leaves":32,"minecraft:oxeye_daisy":1,"minecraft:hay_block":49,"minecraft:redstone_ore":4,"minecraft:oak_trapdoor":8,"minecraft:furnace":3,"minecraft:carrots":1,"minecraft:iron_ore":34,"minecraft:cobbled_deepslate":4,"minecraft:fire":6,"minecraft:andesite":35,"minecraft:pumpkin":7,"minecraft:fletching_table":2,"minecraft:azure_bluet":1,"minecraft:dirt_path":2,"minecraft:potatoes":1,"minecraft:cave_vines":1,"minecraft:deepslate_iron_ore":11,"minecraft:stone":170,"minecraft:tripwire":7,"minecraft:deepslate_redstone_ore":2,"minecraft:redstone_block":1,"minecraft:smoker":1,"minecraft:dandelion":4,"minecraft:crafting_table":10,"minecraft:cornflower":1,"minecraft:torch":4,"minecraft:short_grass":51,"minecraft:blast_furnace":2,"minecraft:poppy":1,"minecraft:tall_grass":2,"minecraft:cobblestone":5,"minecraft:sugar_cane":1,"minecraft:deepslate_gold_ore":4,"minecraft:oak_planks":1,"minecraft:diorite":13,"minecraft:wall_torch":5,"minecraft:deepslate_copper_ore":7,"minecraft:seagrass":1,"minecraft:birch_log":6,"minecraft:wheat":1,"minecraft:spruce_log":110,"minecraft:birch_leaves":2,"minecraft:oak_log":95,"minecraft:coal_ore":35,"minecraft:beetroots":8,"minecraft:sand":137,"minecraft:gravel":13,"minecraft:dirt":14,"minecraft:cobweb":2,"minecraft:tripwire_hook":5,"minecraft:oak_leaves":41,"minecraft:deepslate":83},"minecraft:killed_by":{"minecraft:player":1,"minecraft:creeper":1,"minecraft:drowned":1,"minecraft:zombie":2},"minecraft:used":{"minecraft:beetroot":2,"minecraft:oak_trapdoor":8,"minecraft:stone_shovel":132,"minecraft:chest":5,"minecraft:spruce_planks":16,"minecraft:shield":16,"minecraft:iron_sword":67,"minecraft:stone_hoe":45,"minecraft:cooked_salmon":1,"minecraft:rotten_flesh":12,"minecraft:iron_chestplate":2,"minecraft:torch":13,"minecraft:dirt":21,"minecraft:carrot":4,"minecraft:snowball":42,"minecraft:iron_axe":157,"minecraft:birch_sapling":2,"minecraft:iron_helmet":1,"minecraft:iron_boots":1,"minecraft:tripwire_hook":5,"minecraft:beef":3,"minecraft:oak_sapling":2,"minecraft:furnace":4,"minecraft:cooked_cod":14,"minecraft:beetroot_seeds":10,"minecraft:potato":5,"minecraft:cobbled_deepslate":14,"minecraft:pumpkin":1,"minecraft:iron_leggings":2,"minecraft:wheat_seeds":2,"minecraft:cooked_mutton":2,"minecraft:water_bucket":28,"minecraft:diorite":4,"minecraft:snow_block":2,"minecraft:stone_pickaxe":87,"minecraft:oak_planks":57,"minecraft:wooden_pickaxe":20,"minecraft:redstone_block":1,"minecraft:fletching_table":3,"minecraft:cookie":1,"minecraft:salmon":1,"minecraft:glow_berries":3,"minecraft:crafting_table":13,"minecraft:blast_furnace":2,"minecraft:spruce_log":11,"minecraft:smoker":3,"minecraft:shears":6,"minecraft:oak_log":5,"minecraft:lever":2,"minecraft:diamond_pickaxe":24,"minecraft:bread":4,"minecraft:string":19,"minecraft:iron_pickaxe":328,"minecraft:spruce_sapling":25,"minecraft:gravel":10,"minecraft:stone_axe":204,"minecraft:fishing_rod":19,"minecraft:cobblestone":17,"minecraft:andesite":7,"minecraft:bucket":29,"minecraft:oak_boat":1},"minecraft:broken":{"minecraft:iron_axe":1,"minecraft:stone_axe":1,"minecraft:iron_pickaxe":1,"minecraft:stone_shovel":1},"minecraft:killed":{"minecraft:spider":3,"minecraft:horse":12,"minecraft:skeleton":1,"minecraft:chicken":8,"minecraft:drowned":1,"minecraft:pig":2,"minecraft:salmon":1,"minecraft:ravager":1,"minecraft:sheep":10,"minecraft:pillager":3,"minecraft:donkey":1,"minecraft:zombie":10,"minecraft:cow":8},"minecraft:picked_up":{"minecraft:fishing_rod":4,"minecraft:iron_chestplate":1,"minecraft:crafting_table":13,"minecraft:wheat":1,"minecraft:azure_bluet":1,"minecraft:redstone_block":2,"minecraft:chicken":8,"minecraft:shield":1,"minecraft:cornflower":1,"minecraft:oak_trapdoor":8,"minecraft:string":35,"minecraft:raw_copper":28,"minecraft:iron_axe":3,"minecraft:iron_leggings":1,"minecraft:pufferfish":7,"minecraft:beetroot":2,"minecraft:cobbled_deepslate":81,"minecraft:bucket":1,"minecraft:spruce_planks":2,"minecraft:beef":14,"minecraft:oak_boat":1,"minecraft:iron_pickaxe":3,"minecraft:light_gray_wool":1,"minecraft:sugar_cane":2,"minecraft:birch_sapling":2,"minecraft:furnace":4,"minecraft:iron_boots":2,"minecraft:stick":216,"minecraft:raw_iron":46,"minecraft:torch":92,"minecraft:bowl":2,"minecraft:porkchop":4,"minecraft:cookie":1,"minecraft:diorite":12,"minecraft:carrot":4,"minecraft:redstone":54,"minecraft:arrow":4,"minecraft:rotten_flesh":20,"minecraft:cooked_cod":10,"minecraft:beetroot_seeds":10,"minecraft:shears":2,"minecraft:hay_block":48,"minecraft:saddle":2,"minecraft:obsidian":18,"minecraft:mutton":16,"minecraft:cobblestone":222,"minecraft:cod":3,"minecraft:snowball":74,"minecraft:white_wool":7,"minecraft:birch_log":11,"minecraft:feather":6,"minecraft:tripwire_hook":5,"minecraft:andesite":36,"minecraft:salmon":5,"minecraft:leather":26,"minecraft:smoker":1,"minecraft:potato":5,"minecraft:flint":2,"minecraft:tuff":18,"minecraft:oak_log":121,"minecraft:gunpowder":1,"minecraft:lapis_lazuli":15,"minecraft:dirt":56,"minecraft:white_banner":1,"minecraft:name_tag":2,"minecraft:bow":1,"minecraft:wheat_seeds":10,"minecraft:raw_gold":8,"minecraft:stone_pickaxe":3,"minecraft:iron_ingot":24,"minecraft:fletching_table":2,"minecraft:iron_sword":4,"minecraft:oak_planks":59,"minecraft:pumpkin":21,"minecraft:dandelion":3,"minecraft:gravel":11,"minecraft:sand":129,"minecraft:spruce_sapling":32,"minecraft:blast_furnace":2,"minecraft:spruce_log":169,"minecraft:pumpkin_seeds":4,"minecraft:diamond":4,"minecraft:stone_axe":6,"minecraft:lever":2,"minecraft:iron_helmet":2,"minecraft:granite":1,"minecraft:crossbow":2,"minecraft:bread":4,"minecraft:oak_sapling":6,"minecraft:black_wool":2,"minecraft:coal":93},"minecraft:crafted":{"minecraft:oak_planks":196,"minecraft:stone_shovel":1,"minecraft:furnace":4,"minecraft:cooked_mutton":2,"minecraft:flint_and_steel":1,"minecraft:iron_axe":2,"minecraft:stone_pickaxe":3,"minecraft:chest":5,"minecraft:redstone_block":1,"minecraft:stone_hoe":1,"minecraft:smoker":2,"minecraft:cooked_cod":4,"minecraft:crafting_table":5,"minecraft:spruce_planks":160,"minecraft:wooden_pickaxe":2,"minecraft:iron_sword":2,"minecraft:cooked_salmon":1,"minecraft:fletching_table":1,"minecraft:bucket":2,"minecraft:stone_axe":3,"minecraft:bread":2,"minecraft:air":0,"minecraft:oak_boat":1,"minecraft:iron_chestplate":1,"minecraft:shield":1,"minecraft:stick":296,"minecraft:iron_ingot":26,"minecraft:iron_pickaxe":3,"minecraft:snow_block":2,"minecraft:iron_leggings":1,"minecraft:torch":24},"minecraft:dropped":{"minecraft:water_bucket":1,"minecraft:bread":2,"minecraft:iron_sword":1,"minecraft:lapis_lazuli":15,"minecraft:oak_log":4,"minecraft:diamond":2,"minecraft:coal":1,"minecraft:pufferfish":7,"minecraft:diorite":8,"minecraft:torch":22,"minecraft:snowball":8,"minecraft:iron_pickaxe":1,"minecraft:birch_log":28,"minecraft:fishing_rod":2,"minecraft:stone_axe":2,"minecraft:bowl":2,"minecraft:name_tag":1,"minecraft:salmon":1,"minecraft:flint_and_steel":1,"minecraft:wooden_pickaxe":2,"minecraft:stone_pickaxe":2}},"DataVersion":4082}