{"stats":{"minecraft:used":{"minecraft:stone_pickaxe":87,"minecraft:wooden_pickaxe":20,"minecraft:iron_sword":15,"minecraft:redstone_block":1,"minecraft:rotten_flesh":3,"minecraft:crafting_table":7,"minecraft:oak_log":5,"minecraft:iron_axe":4,"minecraft:iron_pickaxe":17,"minecraft:stone_axe":123,"minecraft:cobblestone":13,"minecraft:oak_sapling":2,"minecraft:furnace":2},"minecraft:custom":{"minecraft:interact_with_furnace":6,"minecraft:mob_kills":7,"minecraft:interact_with_crafting_table":15,"minecraft:leave_game":1,"minecraft:time_since_death":28964,"minecraft:time_since_rest":28990,"minecraft:sprint_one_cm":54721,"minecraft:damage_taken":1592,"minecraft:walk_one_cm":71934,"minecraft:drop":7,"minecraft:damage_dealt":1578,"minecraft:swim_one_cm":1238,"minecraft:fly_one_cm":48700,"minecraft:crouch_one_cm":1311,"minecraft:play_time":56582,"minecraft:deaths":5,"minecraft:sneak_time":731,"minecraft:walk_under_water_one_cm":3600,"minecraft:jump":350,"minecraft:walk_on_water_one_cm":10421,"minecraft:total_world_time":56582,"minecraft:fall_one_cm":14181},"minecraft:picked_up":{"minecraft:birch_log":8,"minecraft:crafting_table":8,"minecraft:redstone_block":2,"minecraft:andesite":1,"minecraft:oak_log":88,"minecraft:string":1,"minecraft:iron_axe":2,"minecraft:cobbled_deepslate":1,"minecraft:raw_gold":8,"minecraft:iron_ingot":3,"minecraft:stone_pickaxe":2,"minecraft:birch_sapling":1,"minecraft:oak_planks":51,"minecraft:iron_sword":2,"minecraft:furnace":2,"minecraft:raw_iron":17,"minecraft:stick":6,"minecraft:pumpkin":7,"minecraft:torch":32,"minecraft:redstone":54,"minecraft:arrow":4,"minecraft:rotten_flesh":10,"minecraft:diamond":1,"minecraft:stone_axe":5,"minecraft:oak_sapling":6,"minecraft:coal":11,"minecraft:cobblestone":125},"minecraft:killed":{"minecraft:spider":2,"minecraft:skeleton":1,"minecraft:zombie":4},"minecraft:dropped":{"minecraft:stone_axe":2,"minecraft:coal":1,"minecraft:stone_pickaxe":2,"minecraft:wooden_pickaxe":2},"minecraft:mined":{"minecraft:deepslate_redstone_ore":1,"minecraft:diamond_ore":1,"minecraft:redstone_block":1,"minecraft:crafting_table":7,"minecraft:short_grass":2,"minecraft:cobblestone":2,"minecraft:deepslate_gold_ore":4,"minecraft:redstone_ore":4,"minecraft:furnace":2,"minecraft:birch_log":6,"minecraft:iron_ore":13,"minecraft:fire":6,"minecraft:andesite":1,"minecraft:birch_leaves":2,"minecraft:pumpkin":7,"minecraft:coal_ore":9,"minecraft:oak_log":88,"minecraft:deepslate_iron_ore":3,"minecraft:stone":80,"minecraft:oak_leaves":27,"minecraft:deepslate":1},"minecraft:crafted":{"minecraft:oak_planks":80,"minecraft:crafting_table":2,"minecraft:wooden_pickaxe":2,"minecraft:iron_sword":2,"minecraft:furnace":2,"minecraft:stone_axe":2,"minecraft:air":0,"minecraft:iron_axe":1,"minecraft:stick":28,"minecraft:iron_ingot":10,"minecraft:iron_pickaxe":2,"minecraft:stone_pickaxe":3,"minecraft:redstone_block":1,"minecraft:torch":16},"minecraft:killed_by":{"minecraft:player":1,"minecraft:creeper":1,"minecraft:zombie":2}},"DataVersion":4082}