{"stats":{"minecraft:custom":{"minecraft:mob_kills":93,"minecraft:interact_with_crafting_table":50,"minecraft:leave_game":20,"minecraft:time_since_death":85261,"minecraft:sprint_one_cm":461485,"minecraft:walk_one_cm":512009,"minecraft:damage_blocked_by_shield":865,"minecraft:drop":66,"minecraft:talked_to_villager":16,"minecraft:raid_win":1,"minecraft:play_time":325843,"minecraft:sneak_time":6634,"minecraft:deaths":7,"minecraft:walk_under_water_one_cm":12373,"minecraft:boat_one_cm":64205,"minecraft:jump":3540,"minecraft:interact_with_blast_furnace":14,"minecraft:walk_on_water_one_cm":37425,"minecraft:enchant_item":2,"minecraft:total_world_time":325843,"minecraft:interact_with_furnace":96,"minecraft:raid_trigger":1,"minecraft:sleep_in_bed":5,"minecraft:time_since_rest":47490,"minecraft:damage_taken":4088,"minecraft:damage_dealt":17059,"minecraft:swim_one_cm":46397,"minecraft:fly_one_cm":645029,"minecraft:open_chest":91,"minecraft:crouch_one_cm":12164,"minecraft:fall_one_cm":87485,"minecraft:interact_with_smoker":15,"minecraft:fish_caught":11},"minecraft:mined":{"minecraft:diamond_ore":1,"minecraft:tuff":18,"minecraft:spruce_planks":2,"minecraft:obsidian":18,"minecraft:nether_bricks":6,"minecraft:lever":2,"minecraft:granite":3,"minecraft:grass_block":10,"minecraft:spruce_leaves":32,"minecraft:oxeye_daisy":1,"minecraft:hay_block":49,"minecraft:redstone_ore":4,"minecraft:oak_trapdoor":8,"minecraft:furnace":3,"minecraft:carrots":1,"minecraft:iron_ore":34,"minecraft:fire":6,"minecraft:cobbled_deepslate":4,"minecraft:snow":131,"minecraft:andesite":35,"minecraft:pumpkin":7,"minecraft:fletching_table":2,"minecraft:azure_bluet":1,"minecraft:nether_brick_fence":1,"minecraft:potatoes":1,"minecraft:dirt_path":2,"minecraft:cave_vines":1,"minecraft:deepslate_iron_ore":11,"minecraft:stone":170,"minecraft:white_wool":3,"minecraft:tripwire":7,"minecraft:deepslate_redstone_ore":2,"minecraft:redstone_block":1,"minecraft:blackstone":14,"minecraft:smoker":1,"minecraft:basalt":6,"minecraft:dandelion":4,"minecraft:cornflower":1,"minecraft:crafting_table":10,"minecraft:torch":7,"minecraft:short_grass":51,"minecraft:blast_furnace":2,"minecraft:poppy":1,"minecraft:tall_grass":2,"minecraft:cobblestone":5,"minecraft:deepslate_gold_ore":4,"minecraft:oak_planks":1,"minecraft:sugar_cane":7,"minecraft:wall_torch":6,"minecraft:diorite":13,"minecraft:deepslate_copper_ore":7,"minecraft:seagrass":1,"minecraft:birch_log":6,"minecraft:wheat":3,"minecraft:spruce_log":110,"minecraft:birch_leaves":8,"minecraft:light_gray_wool":1,"minecraft:coal_ore":35,"minecraft:oak_log":95,"minecraft:beetroots":8,"minecraft:gravel":13,"minecraft:dirt":14,"minecraft:sand":137,"minecraft:cobweb":2,"minecraft:tripwire_hook":5,"minecraft:deepslate":83,"minecraft:oak_leaves":41},"minecraft:killed_by":{"minecraft:player":1,"minecraft:creeper":1,"minecraft:drowned":1,"minecraft:zombie":2},"minecraft:used":{"minecraft:oak_trapdoor":8,"minecraft:beetroot":2,"minecraft:enchanting_table":1,"minecraft:flint_and_steel":1,"minecraft:stone_shovel":263,"minecraft:chest":5,"minecraft:spruce_planks":16,"minecraft:shield":16,"minecraft:iron_sword":67,"minecraft:cooked_salmon":1,"minecraft:rotten_flesh":12,"minecraft:stone_hoe":50,"minecraft:iron_chestplate":2,"minecraft:torch":63,"minecraft:dirt":23,"minecraft:nether_bricks":4,"minecraft:carrot":4,"minecraft:obsidian":14,"minecraft:snowball":58,"minecraft:bookshelf":8,"minecraft:birch_sapling":2,"minecraft:iron_axe":236,"minecraft:iron_helmet":1,"minecraft:iron_boots":1,"minecraft:tripwire_hook":5,"minecraft:basalt":6,"minecraft:light_gray_wool":2,"minecraft:cooked_cod":14,"minecraft:beef":3,"minecraft:oak_sapling":2,"minecraft:furnace":4,"minecraft:beetroot_seeds":10,"minecraft:potato":11,"minecraft:pumpkin":1,"minecraft:cobbled_deepslate":14,"minecraft:iron_leggings":2,"minecraft:wheat_seeds":4,"minecraft:cooked_mutton":2,"minecraft:water_bucket":28,"minecraft:diorite":4,"minecraft:diamond_boots":1,"minecraft:snow_block":2,"minecraft:stone_pickaxe":87,"minecraft:oak_planks":57,"minecraft:blackstone":2,"minecraft:wooden_pickaxe":20,"minecraft:redstone_block":1,"minecraft:sugar_cane":9,"minecraft:fletching_table":3,"minecraft:cookie":1,"minecraft:white_wool":3,"minecraft:salmon":1,"minecraft:glow_berries":3,"minecraft:crafting_table":13,"minecraft:blast_furnace":2,"minecraft:spruce_log":11,"minecraft:smoker":3,"minecraft:shears":6,"minecraft:oak_log":5,"minecraft:lever":2,"minecraft:diamond_pickaxe":24,"minecraft:iron_pickaxe":355,"minecraft:bread":29,"minecraft:string":19,"minecraft:spruce_sapling":25,"minecraft:gravel":10,"minecraft:stone_axe":212,"minecraft:fishing_rod":19,"minecraft:cobblestone":18,"minecraft:white_banner":2,"minecraft:andesite":7,"minecraft:bucket":29,"minecraft:oak_boat":1,"minecraft:diamond_leggings":1},"minecraft:broken":{"minecraft:iron_axe":1,"minecraft:stone_axe":1,"minecraft:iron_pickaxe":1,"minecraft:stone_shovel":2},"minecraft:killed":{"minecraft:spider":4,"minecraft:skeleton":2,"minecraft:horse":12,"minecraft:chicken":8,"minecraft:drowned":1,"minecraft:pig":2,"minecraft:zombie_villager":1,"minecraft:salmon":1,"minecraft:ravager":1,"minecraft:sheep":10,"minecraft:pillager":3,"minecraft:zombie":17,"minecraft:donkey":1,"minecraft:wither_skeleton":3,"minecraft:enderman":1,"minecraft:blaze":17,"minecraft:cow":8},"minecraft:picked_up":{"minecraft:fishing_rod":4,"minecraft:iron_chestplate":1,"minecraft:crafting_table":13,"minecraft:wheat":3,"minecraft:azure_bluet":1,"minecraft:redstone_block":2,"minecraft:chicken":8,"minecraft:shield":1,"minecraft:cornflower":1,"minecraft:oak_trapdoor":8,"minecraft:string":35,"minecraft:raw_copper":28,"minecraft:iron_axe":3,"minecraft:iron_leggings":1,"minecraft:pufferfish":7,"minecraft:blackstone":14,"minecraft:beetroot":2,"minecraft:diamond_leggings":1,"minecraft:cobbled_deepslate":81,"minecraft:bucket":1,"minecraft:spruce_planks":2,"minecraft:beef":14,"minecraft:oak_boat":1,"minecraft:iron_pickaxe":4,"minecraft:light_gray_wool":2,"minecraft:sugar_cane":7,"minecraft:birch_sapling":2,"minecraft:iron_boots":2,"minecraft:furnace":4,"minecraft:stick":216,"minecraft:raw_iron":46,"minecraft:torch":96,"minecraft:bowl":2,"minecraft:porkchop":4,"minecraft:cookie":1,"minecraft:diorite":12,"minecraft:carrot":4,"minecraft:redstone":54,"minecraft:arrow":6,"minecraft:rotten_flesh":21,"minecraft:cooked_cod":10,"minecraft:beetroot_seeds":10,"minecraft:nether_bricks":4,"minecraft:shears":2,"minecraft:diamond_boots":1,"minecraft:hay_block":48,"minecraft:bookshelf":8,"minecraft:saddle":2,"minecraft:blaze_rod":7,"minecraft:obsidian":18,"minecraft:mutton":16,"minecraft:cod":3,"minecraft:snowball":205,"minecraft:white_wool":10,"minecraft:cobblestone":222,"minecraft:birch_log":11,"minecraft:enchanting_table":1,"minecraft:feather":6,"minecraft:basalt":6,"minecraft:tripwire_hook":5,"minecraft:salmon":5,"minecraft:andesite":36,"minecraft:leather":26,"minecraft:smoker":1,"minecraft:potato":5,"minecraft:flint":2,"minecraft:tuff":18,"minecraft:oak_log":121,"minecraft:gunpowder":1,"minecraft:lapis_lazuli":15,"minecraft:dirt":58,"minecraft:paper":3,"minecraft:white_banner":1,"minecraft:name_tag":2,"minecraft:bone":4,"minecraft:bow":1,"minecraft:wheat_seeds":17,"minecraft:raw_gold":8,"minecraft:iron_ingot":24,"minecraft:stone_pickaxe":3,"minecraft:fletching_table":2,"minecraft:iron_sword":4,"minecraft:oak_planks":59,"minecraft:pumpkin":21,"minecraft:dandelion":3,"minecraft:gravel":11,"minecraft:sand":129,"minecraft:spruce_sapling":32,"minecraft:blast_furnace":2,"minecraft:spruce_log":169,"minecraft:grass_block":1,"minecraft:pumpkin_seeds":4,"minecraft:diamond":4,"minecraft:stone_axe":6,"minecraft:lever":2,"minecraft:iron_helmet":2,"minecraft:crossbow":2,"minecraft:granite":1,"minecraft:bread":4,"minecraft:oak_sapling":6,"minecraft:black_wool":2,"minecraft:coal":93,"minecraft:diamond_pickaxe":1},"minecraft:crafted":{"minecraft:oak_planks":196,"minecraft:stone_shovel":2,"minecraft:furnace":4,"minecraft:bone_meal":12,"minecraft:cooked_mutton":13,"minecraft:flint_and_steel":1,"minecraft:glass":64,"minecraft:iron_axe":3,"minecraft:stone_pickaxe":3,"minecraft:chest":5,"minecraft:redstone_block":1,"minecraft:stone_hoe":1,"minecraft:smoker":2,"minecraft:wheat":216,"minecraft:cooked_beef":58,"minecraft:cooked_cod":4,"minecraft:cooked_porkchop":25,"minecraft:crafting_table":5,"minecraft:spruce_planks":160,"minecraft:wooden_pickaxe":2,"minecraft:iron_sword":2,"minecraft:cooked_salmon":1,"minecraft:fletching_table":1,"minecraft:bucket":2,"minecraft:stone_axe":3,"minecraft:bread":74,"minecraft:air":0,"minecraft:oak_boat":1,"minecraft:iron_chestplate":1,"minecraft:paper":3,"minecraft:shield":2,"minecraft:stick":296,"minecraft:iron_ingot":32,"minecraft:iron_pickaxe":4,"minecraft:snow_block":32,"minecraft:iron_leggings":1,"minecraft:torch":24},"minecraft:dropped":{"minecraft:water_bucket":1,"minecraft:bread":2,"minecraft:iron_sword":1,"minecraft:lapis_lazuli":15,"minecraft:oak_log":4,"minecraft:diamond":2,"minecraft:coal":1,"minecraft:pufferfish":7,"minecraft:emerald":15,"minecraft:stick":320,"minecraft:diorite":8,"minecraft:torch":22,"minecraft:snowball":8,"minecraft:iron_pickaxe":2,"minecraft:paper":6,"minecraft:fishing_rod":2,"minecraft:birch_log":28,"minecraft:stone_axe":2,"minecraft:bowl":2,"minecraft:name_tag":1,"minecraft:salmon":1,"minecraft:flint_and_steel":1,"minecraft:hay_block":24,"minecraft:diamond_pickaxe":2,"minecraft:stone_pickaxe":2,"minecraft:wooden_pickaxe":2}},"DataVersion":4082}