{"stats":{"minecraft:custom":{"minecraft:time_since_rest":8582,"minecraft:play_time":8582,"minecraft:sprint_one_cm":15798,"minecraft:walk_one_cm":16695,"minecraft:drop":1,"minecraft:jump":50,"minecraft:leave_game":1,"minecraft:time_since_death":8582,"minecraft:total_world_time":8582,"minecraft:interact_with_crafting_table":2,"minecraft:fall_one_cm":1641,"minecraft:fly_one_cm":5812},"minecraft:mined":{"minecraft:oak_log":47,"minecraft:fire":6,"minecraft:stone":17,"minecraft:oak_leaves":5},"minecraft:used":{"minecraft:oak_log":5,"minecraft:stone_axe":33,"minecraft:crafting_table":1,"minecraft:oak_sapling":1,"minecraft:wooden_pickaxe":17},"minecraft:picked_up":{"minecraft:oak_log":47,"minecraft:oak_sapling":5,"minecraft:cobblestone":17},"minecraft:crafted":{"minecraft:oak_planks":64,"minecraft:stone_axe":1,"minecraft:crafting_table":1,"minecraft:stick":8,"minecraft:wooden_pickaxe":1,"minecraft:stone_pickaxe":1},"minecraft:dropped":{"minecraft:wooden_pickaxe":1}},"DataVersion":4082}