{"stats":{"minecraft:picked_up":{"minecraft:raw_iron":8,"minecraft:crafting_table":4,"minecraft:redstone_block":1,"minecraft:oak_log":58,"minecraft:redstone":24,"minecraft:rotten_flesh":2,"minecraft:stone_axe":1,"minecraft:iron_ingot":3,"minecraft:stone_pickaxe":1,"minecraft:oak_sapling":6,"minecraft:oak_planks":51,"minecraft:coal":11,"minecraft:cobblestone":64,"minecraft:furnace":1},"minecraft:used":{"minecraft:oak_log":5,"minecraft:iron_axe":2,"minecraft:stone_pickaxe":56,"minecraft:iron_pickaxe":8,"minecraft:wooden_pickaxe":17,"minecraft:redstone_block":1,"minecraft:rotten_flesh":2,"minecraft:stone_axe":54,"minecraft:cobblestone":6,"minecraft:crafting_table":4,"minecraft:furnace":1,"minecraft:oak_sapling":2},"minecraft:custom":{"minecraft:time_since_rest":8818,"minecraft:interact_with_furnace":2,"minecraft:sprint_one_cm":22062,"minecraft:walk_one_cm":38297,"minecraft:damage_taken":355,"minecraft:mob_kills":1,"minecraft:drop":4,"minecraft:damage_dealt":358,"minecraft:interact_with_crafting_table":9,"minecraft:fly_one_cm":11537,"minecraft:crouch_one_cm":930,"minecraft:play_time":20582,"minecraft:deaths":1,"minecraft:sneak_time":377,"minecraft:jump":136,"minecraft:leave_game":1,"minecraft:time_since_death":8775,"minecraft:total_world_time":20582,"minecraft:fall_one_cm":5262},"minecraft:killed":{"minecraft:zombie":1},"minecraft:dropped":{"minecraft:stone_axe":1,"minecraft:wooden_pickaxe":1,"minecraft:stone_pickaxe":1,"minecraft:coal":1},"minecraft:mined":{"minecraft:deepslate_redstone_ore":1,"minecraft:redstone_ore":4,"minecraft:redstone_block":1,"minecraft:furnace":1,"minecraft:iron_ore":8,"minecraft:fire":6,"minecraft:crafting_table":4,"minecraft:oak_log":58,"minecraft:coal_ore":9,"minecraft:cobblestone":2,"minecraft:stone":55,"minecraft:oak_leaves":8},"minecraft:crafted":{"minecraft:oak_planks":64,"minecraft:iron_axe":1,"minecraft:crafting_table":1,"minecraft:stick":24,"minecraft:iron_ingot":5,"minecraft:wooden_pickaxe":1,"minecraft:iron_pickaxe":1,"minecraft:stone_pickaxe":2,"minecraft:furnace":1,"minecraft:redstone_block":1,"minecraft:torch":16,"minecraft:stone_axe":2,"minecraft:air":0},"minecraft:killed_by":{"minecraft:player":1}},"DataVersion":4082}