{"stats":{"minecraft:used":{"minecraft:stone_pickaxe":87,"minecraft:wooden_pickaxe":20,"minecraft:iron_sword":27,"minecraft:redstone_block":1,"minecraft:cooked_salmon":1,"minecraft:rotten_flesh":3,"minecraft:dirt":1,"minecraft:crafting_table":7,"minecraft:oak_log":5,"minecraft:iron_axe":4,"minecraft:iron_pickaxe":17,"minecraft:stone_axe":123,"minecraft:cobblestone":13,"minecraft:oak_sapling":2,"minecraft:furnace":2},"minecraft:custom":{"minecraft:interact_with_furnace":7,"minecraft:mob_kills":9,"minecraft:interact_with_crafting_table":15,"minecraft:leave_game":1,"minecraft:time_since_death":2439,"minecraft:time_since_rest":2482,"minecraft:sprint_one_cm":60719,"minecraft:damage_taken":1642,"minecraft:walk_one_cm":75798,"minecraft:drop":8,"minecraft:damage_dealt":1808,"minecraft:swim_one_cm":14384,"minecraft:fly_one_cm":67250,"minecraft:crouch_one_cm":1465,"minecraft:play_time":80582,"minecraft:deaths":6,"minecraft:sneak_time":1033,"minecraft:walk_under_water_one_cm":7980,"minecraft:jump":377,"minecraft:walk_on_water_one_cm":14424,"minecraft:total_world_time":80582,"minecraft:fall_one_cm":14181},"minecraft:picked_up":{"minecraft:birch_log":10,"minecraft:crafting_table":9,"minecraft:redstone_block":2,"minecraft:salmon":2,"minecraft:andesite":2,"minecraft:oak_log":114,"minecraft:dirt":3,"minecraft:string":1,"minecraft:iron_axe":2,"minecraft:cobbled_deepslate":1,"minecraft:raw_gold":8,"minecraft:iron_ingot":3,"minecraft:stone_pickaxe":3,"minecraft:iron_pickaxe":1,"minecraft:birch_sapling":2,"minecraft:oak_planks":58,"minecraft:iron_sword":3,"minecraft:furnace":3,"minecraft:raw_iron":17,"minecraft:stick":10,"minecraft:pumpkin":14,"minecraft:torch":32,"minecraft:redstone":54,"minecraft:arrow":4,"minecraft:rotten_flesh":11,"minecraft:diamond":3,"minecraft:stone_axe":6,"minecraft:oak_sapling":6,"minecraft:coal":11,"minecraft:cobblestone":131},"minecraft:killed":{"minecraft:salmon":1,"minecraft:spider":2,"minecraft:skeleton":1,"minecraft:zombie":4,"minecraft:drowned":1},"minecraft:dropped":{"minecraft:stone_axe":2,"minecraft:diamond":1,"minecraft:coal":1,"minecraft:stone_pickaxe":2,"minecraft:wooden_pickaxe":2},"minecraft:mined":{"minecraft:deepslate_redstone_ore":1,"minecraft:diamond_ore":1,"minecraft:redstone_block":1,"minecraft:crafting_table":7,"minecraft:short_grass":2,"minecraft:cobblestone":2,"minecraft:deepslate_gold_ore":4,"minecraft:redstone_ore":4,"minecraft:furnace":2,"minecraft:birch_log":6,"minecraft:iron_ore":13,"minecraft:fire":6,"minecraft:andesite":1,"minecraft:birch_leaves":2,"minecraft:pumpkin":7,"minecraft:coal_ore":9,"minecraft:oak_log":88,"minecraft:deepslate_iron_ore":3,"minecraft:dirt":2,"minecraft:stone":80,"minecraft:oak_leaves":36,"minecraft:deepslate":1},"minecraft:crafted":{"minecraft:oak_planks":80,"minecraft:crafting_table":2,"minecraft:wooden_pickaxe":2,"minecraft:iron_sword":2,"minecraft:furnace":2,"minecraft:cooked_salmon":1,"minecraft:stone_axe":2,"minecraft:air":0,"minecraft:iron_axe":1,"minecraft:stick":28,"minecraft:iron_ingot":10,"minecraft:iron_pickaxe":2,"minecraft:stone_pickaxe":3,"minecraft:redstone_block":1,"minecraft:torch":16},"minecraft:killed_by":{"minecraft:player":1,"minecraft:creeper":1,"minecraft:zombie":2,"minecraft:drowned":1}},"DataVersion":4082}