{"stats":{"minecraft:killed_by":{"minecraft:player":1,"minecraft:creeper":1,"minecraft:zombie":2,"minecraft:drowned":1},"minecraft:used":{"minecraft:stone_pickaxe":87,"minecraft:oak_planks":57,"minecraft:chest":1,"minecraft:wooden_pickaxe":20,"minecraft:iron_sword":41,"minecraft:redstone_block":1,"minecraft:cooked_salmon":1,"minecraft:rotten_flesh":3,"minecraft:iron_chestplate":1,"minecraft:dirt":1,"minecraft:crafting_table":8,"minecraft:oak_log":5,"minecraft:iron_axe":4,"minecraft:iron_pickaxe":128,"minecraft:stone_axe":130,"minecraft:fishing_rod":19,"minecraft:cobblestone":13,"minecraft:furnace":3,"minecraft:oak_sapling":2,"minecraft:cooked_cod":4,"minecraft:andesite":7,"minecraft:oak_boat":1},"minecraft:dropped":{"minecraft:stone_axe":2,"minecraft:diamond":1,"minecraft:bowl":2,"minecraft:salmon":1,"minecraft:coal":1,"minecraft:pufferfish":7,"minecraft:wooden_pickaxe":2,"minecraft:stone_pickaxe":2,"minecraft:fishing_rod":2},"minecraft:killed":{"minecraft:salmon":1,"minecraft:spider":2,"minecraft:skeleton":1,"minecraft:sheep":2,"minecraft:zombie":8,"minecraft:drowned":1},"minecraft:mined":{"minecraft:deepslate_redstone_ore":1,"minecraft:diamond_ore":1,"minecraft:redstone_block":1,"minecraft:crafting_table":8,"minecraft:short_grass":4,"minecraft:tall_grass":2,"minecraft:cobblestone":2,"minecraft:deepslate_gold_ore":4,"minecraft:oak_planks":1,"minecraft:redstone_ore":4,"minecraft:furnace":2,"minecraft:birch_log":6,"minecraft:iron_ore":28,"minecraft:fire":6,"minecraft:andesite":13,"minecraft:birch_leaves":2,"minecraft:pumpkin":7,"minecraft:oak_log":88,"minecraft:coal_ore":21,"minecraft:deepslate_iron_ore":3,"minecraft:gravel":3,"minecraft:dirt":3,"minecraft:stone":151,"minecraft:oak_leaves":36,"minecraft:deepslate":1},"minecraft:crafted":{"minecraft:cooked_cod":4,"minecraft:oak_planks":184,"minecraft:crafting_table":2,"minecraft:wooden_pickaxe":2,"minecraft:iron_sword":2,"minecraft:furnace":2,"minecraft:cooked_salmon":1,"minecraft:stone_axe":2,"minecraft:air":0,"minecraft:oak_boat":1,"minecraft:iron_chestplate":1,"minecraft:iron_axe":1,"minecraft:stick":28,"minecraft:iron_ingot":10,"minecraft:iron_pickaxe":2,"minecraft:stone_pickaxe":3,"minecraft:chest":1,"minecraft:redstone_block":1,"minecraft:torch":24},"minecraft:picked_up":{"minecraft:birch_log":11,"minecraft:fishing_rod":4,"minecraft:crafting_table":10,"minecraft:redstone_block":2,"minecraft:andesite":14,"minecraft:salmon":5,"minecraft:oak_log":114,"minecraft:gunpowder":1,"minecraft:dirt":4,"minecraft:string":1,"minecraft:iron_axe":2,"minecraft:pufferfish":7,"minecraft:bow":1,"minecraft:cobbled_deepslate":1,"minecraft:raw_gold":8,"minecraft:iron_ingot":11,"minecraft:stone_pickaxe":3,"minecraft:oak_boat":1,"minecraft:iron_pickaxe":1,"minecraft:iron_sword":3,"minecraft:birch_sapling":2,"minecraft:oak_planks":59,"minecraft:furnace":3,"minecraft:stick":10,"minecraft:raw_iron":32,"minecraft:pumpkin":14,"minecraft:torch":32,"minecraft:bowl":2,"minecraft:gravel":3,"minecraft:redstone":54,"minecraft:arrow":4,"minecraft:rotten_flesh":17,"minecraft:diamond":3,"minecraft:stone_axe":6,"minecraft:oak_sapling":6,"minecraft:mutton":2,"minecraft:cod":3,"minecraft:coal":23,"minecraft:white_wool":2,"minecraft:cobblestone":202},"minecraft:custom":{"minecraft:interact_with_furnace":13,"minecraft:mob_kills":15,"minecraft:interact_with_crafting_table":18,"minecraft:leave_game":2,"minecraft:time_since_death":47449,"minecraft:sleep_in_bed":3,"minecraft:time_since_rest":1329,"minecraft:sprint_one_cm":128944,"minecraft:damage_taken":1874,"minecraft:walk_one_cm":119717,"minecraft:drop":19,"minecraft:damage_dealt":2974,"minecraft:swim_one_cm":27873,"minecraft:talked_to_villager":1,"minecraft:fly_one_cm":125527,"minecraft:open_chest":4,"minecraft:crouch_one_cm":3519,"minecraft:play_time":125592,"minecraft:sneak_time":2087,"minecraft:deaths":6,"minecraft:walk_under_water_one_cm":9262,"minecraft:boat_one_cm":64205,"minecraft:jump":778,"minecraft:walk_on_water_one_cm":20813,"minecraft:total_world_time":125592,"minecraft:fish_caught":11,"minecraft:fall_one_cm":22432}},"DataVersion":4082}