{"stats":{"minecraft:custom":{"minecraft:mob_kills":23,"minecraft:interact_with_crafting_table":37,"minecraft:leave_game":18,"minecraft:time_since_death":1898,"minecraft:sprint_one_cm":279649,"minecraft:walk_one_cm":335858,"minecraft:damage_blocked_by_shield":865,"minecraft:drop":51,"minecraft:talked_to_villager":8,"minecraft:raid_win":1,"minecraft:play_time":242480,"minecraft:deaths":7,"minecraft:sneak_time":4879,"minecraft:walk_under_water_one_cm":9606,"minecraft:boat_one_cm":64205,"minecraft:jump":2222,"minecraft:interact_with_blast_furnace":6,"minecraft:walk_on_water_one_cm":26989,"minecraft:total_world_time":242480,"minecraft:interact_with_furnace":88,"minecraft:raid_trigger":1,"minecraft:sleep_in_bed":3,"minecraft:time_since_rest":1942,"minecraft:damage_taken":2795,"minecraft:damage_dealt":5438,"minecraft:swim_one_cm":28119,"minecraft:fly_one_cm":376000,"minecraft:open_chest":15,"minecraft:crouch_one_cm":9740,"minecraft:interact_with_smoker":1,"minecraft:fish_caught":11,"minecraft:fall_one_cm":60083},"minecraft:mined":{"minecraft:diamond_ore":1,"minecraft:tuff":18,"minecraft:spruce_planks":2,"minecraft:lever":2,"minecraft:granite":2,"minecraft:grass_block":5,"minecraft:spruce_leaves":32,"minecraft:redstone_ore":4,"minecraft:oak_trapdoor":8,"minecraft:furnace":3,"minecraft:iron_ore":33,"minecraft:cobbled_deepslate":4,"minecraft:fire":6,"minecraft:andesite":35,"minecraft:pumpkin":7,"minecraft:cave_vines":1,"minecraft:deepslate_iron_ore":11,"minecraft:stone":153,"minecraft:tripwire":7,"minecraft:deepslate_redstone_ore":2,"minecraft:redstone_block":1,"minecraft:crafting_table":10,"minecraft:torch":2,"minecraft:short_grass":45,"minecraft:tall_grass":2,"minecraft:cobblestone":4,"minecraft:deepslate_gold_ore":4,"minecraft:oak_planks":1,"minecraft:diorite":13,"minecraft:wall_torch":4,"minecraft:deepslate_copper_ore":7,"minecraft:birch_log":6,"minecraft:spruce_log":110,"minecraft:birch_leaves":2,"minecraft:oak_log":92,"minecraft:coal_ore":21,"minecraft:gravel":13,"minecraft:dirt":4,"minecraft:cobweb":2,"minecraft:tripwire_hook":5,"minecraft:oak_leaves":41,"minecraft:deepslate":83},"minecraft:killed_by":{"minecraft:player":1,"minecraft:creeper":1,"minecraft:drowned":1,"minecraft:zombie":2},"minecraft:used":{"minecraft:oak_trapdoor":8,"minecraft:chest":5,"minecraft:spruce_planks":16,"minecraft:shield":16,"minecraft:iron_sword":66,"minecraft:cooked_salmon":1,"minecraft:rotten_flesh":12,"minecraft:iron_chestplate":2,"minecraft:torch":10,"minecraft:dirt":6,"minecraft:snowball":42,"minecraft:iron_axe":114,"minecraft:birch_sapling":2,"minecraft:iron_helmet":1,"minecraft:iron_boots":1,"minecraft:tripwire_hook":5,"minecraft:oak_sapling":2,"minecraft:furnace":4,"minecraft:cooked_cod":14,"minecraft:cobbled_deepslate":14,"minecraft:iron_leggings":2,"minecraft:cooked_mutton":2,"minecraft:water_bucket":18,"minecraft:diorite":4,"minecraft:snow_block":1,"minecraft:stone_pickaxe":87,"minecraft:oak_planks":57,"minecraft:wooden_pickaxe":20,"minecraft:redstone_block":1,"minecraft:fletching_table":1,"minecraft:salmon":1,"minecraft:glow_berries":3,"minecraft:crafting_table":11,"minecraft:spruce_log":11,"minecraft:smoker":2,"minecraft:shears":5,"minecraft:oak_log":5,"minecraft:lever":2,"minecraft:bread":2,"minecraft:string":19,"minecraft:iron_pickaxe":296,"minecraft:spruce_sapling":25,"minecraft:gravel":10,"minecraft:stone_axe":183,"minecraft:fishing_rod":19,"minecraft:cobblestone":16,"minecraft:andesite":7,"minecraft:bucket":19,"minecraft:oak_boat":1},"minecraft:broken":{"minecraft:stone_axe":1,"minecraft:iron_pickaxe":1},"minecraft:killed":{"minecraft:spider":3,"minecraft:skeleton":1,"minecraft:drowned":1,"minecraft:salmon":1,"minecraft:ravager":1,"minecraft:sheep":2,"minecraft:pillager":3,"minecraft:zombie":10},"minecraft:picked_up":{"minecraft:fishing_rod":4,"minecraft:iron_chestplate":1,"minecraft:crafting_table":13,"minecraft:redstone_block":2,"minecraft:shield":1,"minecraft:oak_trapdoor":8,"minecraft:string":35,"minecraft:raw_copper":28,"minecraft:iron_axe":2,"minecraft:iron_leggings":1,"minecraft:pufferfish":7,"minecraft:cobbled_deepslate":81,"minecraft:bucket":1,"minecraft:spruce_planks":2,"minecraft:oak_boat":1,"minecraft:iron_pickaxe":2,"minecraft:birch_sapling":2,"minecraft:furnace":4,"minecraft:iron_boots":2,"minecraft:stick":216,"minecraft:raw_iron":45,"minecraft:torch":89,"minecraft:bowl":2,"minecraft:diorite":12,"minecraft:redstone":54,"minecraft:arrow":4,"minecraft:rotten_flesh":20,"minecraft:cooked_cod":10,"minecraft:shears":2,"minecraft:saddle":2,"minecraft:mutton":2,"minecraft:cobblestone":206,"minecraft:cod":3,"minecraft:snowball":64,"minecraft:white_wool":2,"minecraft:birch_log":11,"minecraft:tripwire_hook":5,"minecraft:andesite":36,"minecraft:salmon":5,"minecraft:flint":2,"minecraft:tuff":18,"minecraft:oak_log":118,"minecraft:gunpowder":1,"minecraft:lapis_lazuli":15,"minecraft:dirt":41,"minecraft:white_banner":1,"minecraft:name_tag":2,"minecraft:bow":1,"minecraft:wheat_seeds":7,"minecraft:raw_gold":8,"minecraft:stone_pickaxe":3,"minecraft:iron_ingot":24,"minecraft:iron_sword":4,"minecraft:oak_planks":59,"minecraft:pumpkin":21,"minecraft:gravel":11,"minecraft:spruce_sapling":32,"minecraft:spruce_log":169,"minecraft:diamond":4,"minecraft:stone_axe":6,"minecraft:lever":2,"minecraft:iron_helmet":2,"minecraft:crossbow":1,"minecraft:bread":4,"minecraft:oak_sapling":6,"minecraft:coal":51},"minecraft:crafted":{"minecraft:oak_planks":184,"minecraft:furnace":4,"minecraft:cooked_mutton":2,"minecraft:iron_axe":2,"minecraft:stone_pickaxe":3,"minecraft:chest":5,"minecraft:redstone_block":1,"minecraft:smoker":2,"minecraft:cooked_cod":4,"minecraft:crafting_table":3,"minecraft:spruce_planks":160,"minecraft:wooden_pickaxe":2,"minecraft:iron_sword":2,"minecraft:cooked_salmon":1,"minecraft:fletching_table":1,"minecraft:bucket":2,"minecraft:stone_axe":2,"minecraft:bread":2,"minecraft:air":0,"minecraft:oak_boat":1,"minecraft:iron_chestplate":1,"minecraft:shield":1,"minecraft:stick":288,"minecraft:iron_ingot":26,"minecraft:iron_pickaxe":3,"minecraft:snow_block":1,"minecraft:iron_leggings":1,"minecraft:torch":24},"minecraft:dropped":{"minecraft:water_bucket":1,"minecraft:bread":2,"minecraft:lapis_lazuli":15,"minecraft:oak_log":4,"minecraft:diamond":2,"minecraft:coal":1,"minecraft:pufferfish":7,"minecraft:diorite":8,"minecraft:torch":22,"minecraft:snowball":8,"minecraft:birch_log":28,"minecraft:fishing_rod":2,"minecraft:stone_axe":2,"minecraft:bowl":2,"minecraft:name_tag":1,"minecraft:salmon":1,"minecraft:wooden_pickaxe":2,"minecraft:stone_pickaxe":2}},"DataVersion":4082}