{"stats":{"minecraft:custom":{"minecraft:interact_with_furnace":16,"minecraft:mob_kills":17,"minecraft:interact_with_crafting_table":21,"minecraft:leave_game":3,"minecraft:time_since_death":68140,"minecraft:sleep_in_bed":3,"minecraft:time_since_rest":22020,"minecraft:sprint_one_cm":175870,"minecraft:damage_taken":2238,"minecraft:walk_one_cm":168848,"minecraft:drop":20,"minecraft:damage_dealt":3373,"minecraft:swim_one_cm":27873,"minecraft:talked_to_villager":2,"minecraft:fly_one_cm":184089,"minecraft:open_chest":9,"minecraft:crouch_one_cm":4716,"minecraft:play_time":146283,"minecraft:sneak_time":2605,"minecraft:deaths":6,"minecraft:walk_under_water_one_cm":9303,"minecraft:boat_one_cm":64205,"minecraft:jump":1066,"minecraft:interact_with_blast_furnace":4,"minecraft:walk_on_water_one_cm":21088,"minecraft:total_world_time":146283,"minecraft:fish_caught":11,"minecraft:fall_one_cm":28591},"minecraft:used":{"minecraft:cooked_mutton":2,"minecraft:water_bucket":3,"minecraft:stone_pickaxe":87,"minecraft:oak_planks":57,"minecraft:chest":1,"minecraft:wooden_pickaxe":20,"minecraft:iron_sword":58,"minecraft:redstone_block":1,"minecraft:cooked_salmon":1,"minecraft:fletching_table":1,"minecraft:rotten_flesh":10,"minecraft:iron_chestplate":1,"minecraft:salmon":1,"minecraft:torch":5,"minecraft:dirt":5,"minecraft:crafting_table":9,"minecraft:oak_log":5,"minecraft:bread":2,"minecraft:iron_axe":4,"minecraft:birch_sapling":1,"minecraft:iron_pickaxe":158,"minecraft:gravel":10,"minecraft:stone_axe":135,"minecraft:fishing_rod":19,"minecraft:cobblestone":16,"minecraft:oak_sapling":2,"minecraft:furnace":3,"minecraft:cooked_cod":4,"minecraft:andesite":7,"minecraft:bucket":5,"minecraft:oak_boat":1,"minecraft:cobbled_deepslate":4},"minecraft:picked_up":{"minecraft:birch_log":11,"minecraft:fishing_rod":4,"minecraft:crafting_table":10,"minecraft:redstone_block":2,"minecraft:andesite":14,"minecraft:salmon":5,"minecraft:flint":2,"minecraft:tuff":1,"minecraft:oak_log":118,"minecraft:gunpowder":1,"minecraft:dirt":6,"minecraft:string":4,"minecraft:iron_axe":2,"minecraft:pufferfish":7,"minecraft:bow":1,"minecraft:wheat_seeds":4,"minecraft:cobbled_deepslate":14,"minecraft:raw_gold":8,"minecraft:iron_ingot":11,"minecraft:stone_pickaxe":3,"minecraft:oak_boat":1,"minecraft:iron_pickaxe":1,"minecraft:birch_sapling":2,"minecraft:iron_sword":3,"minecraft:oak_planks":59,"minecraft:furnace":3,"minecraft:stick":10,"minecraft:raw_iron":45,"minecraft:pumpkin":14,"minecraft:torch":36,"minecraft:bowl":2,"minecraft:gravel":11,"minecraft:redstone":54,"minecraft:arrow":4,"minecraft:rotten_flesh":19,"minecraft:diamond":4,"minecraft:stone_axe":6,"minecraft:oak_sapling":6,"minecraft:mutton":2,"minecraft:cod":3,"minecraft:coal":23,"minecraft:white_wool":2,"minecraft:cobblestone":204},"minecraft:killed":{"minecraft:salmon":1,"minecraft:spider":3,"minecraft:skeleton":1,"minecraft:sheep":2,"minecraft:zombie":9,"minecraft:drowned":1},"minecraft:dropped":{"minecraft:stone_axe":2,"minecraft:bowl":2,"minecraft:diamond":2,"minecraft:salmon":1,"minecraft:coal":1,"minecraft:pufferfish":7,"minecraft:wooden_pickaxe":2,"minecraft:stone_pickaxe":2,"minecraft:fishing_rod":2},"minecraft:mined":{"minecraft:tuff":1,"minecraft:deepslate_redstone_ore":1,"minecraft:diamond_ore":1,"minecraft:redstone_block":1,"minecraft:crafting_table":8,"minecraft:torch":1,"minecraft:short_grass":37,"minecraft:grass_block":1,"minecraft:tall_grass":2,"minecraft:cobblestone":4,"minecraft:deepslate_gold_ore":4,"minecraft:oak_planks":1,"minecraft:wall_torch":2,"minecraft:redstone_ore":4,"minecraft:furnace":2,"minecraft:birch_log":6,"minecraft:iron_ore":33,"minecraft:fire":6,"minecraft:birch_leaves":2,"minecraft:andesite":13,"minecraft:pumpkin":7,"minecraft:oak_log":92,"minecraft:coal_ore":21,"minecraft:deepslate_iron_ore":11,"minecraft:gravel":13,"minecraft:dirt":4,"minecraft:cobweb":2,"minecraft:stone":151,"minecraft:oak_leaves":40,"minecraft:deepslate":15},"minecraft:crafted":{"minecraft:cooked_cod":4,"minecraft:oak_planks":184,"minecraft:crafting_table":2,"minecraft:wooden_pickaxe":2,"minecraft:iron_sword":2,"minecraft:furnace":2,"minecraft:cooked_salmon":1,"minecraft:fletching_table":1,"minecraft:bucket":2,"minecraft:stone_axe":2,"minecraft:bread":2,"minecraft:cooked_mutton":2,"minecraft:air":0,"minecraft:oak_boat":1,"minecraft:iron_chestplate":1,"minecraft:iron_axe":1,"minecraft:stick":28,"minecraft:iron_ingot":18,"minecraft:iron_pickaxe":2,"minecraft:stone_pickaxe":3,"minecraft:chest":1,"minecraft:redstone_block":1,"minecraft:torch":24},"minecraft:killed_by":{"minecraft:player":1,"minecraft:creeper":1,"minecraft:zombie":2,"minecraft:drowned":1}},"DataVersion":4082}