{"stats":{"minecraft:custom":{"minecraft:mob_kills":17,"minecraft:interact_with_crafting_table":25,"minecraft:leave_game":9,"minecraft:time_since_death":101742,"minecraft:sprint_one_cm":200217,"minecraft:walk_one_cm":215600,"minecraft:drop":40,"minecraft:talked_to_villager":2,"minecraft:play_time":179885,"minecraft:deaths":6,"minecraft:sneak_time":2983,"minecraft:walk_under_water_one_cm":9303,"minecraft:boat_one_cm":64205,"minecraft:jump":1163,"minecraft:interact_with_blast_furnace":4,"minecraft:walk_on_water_one_cm":21088,"minecraft:total_world_time":179885,"minecraft:interact_with_furnace":87,"minecraft:sleep_in_bed":3,"minecraft:time_since_rest":55622,"minecraft:damage_taken":2278,"minecraft:damage_dealt":3373,"minecraft:swim_one_cm":27873,"minecraft:fly_one_cm":199293,"minecraft:open_chest":9,"minecraft:crouch_one_cm":5557,"minecraft:fish_caught":11,"minecraft:fall_one_cm":32090},"minecraft:mined":{"minecraft:diamond_ore":1,"minecraft:tuff":18,"minecraft:granite":2,"minecraft:grass_block":1,"minecraft:redstone_ore":4,"minecraft:furnace":3,"minecraft:cobbled_deepslate":4,"minecraft:iron_ore":33,"minecraft:fire":6,"minecraft:andesite":35,"minecraft:pumpkin":7,"minecraft:cave_vines":1,"minecraft:deepslate_iron_ore":11,"minecraft:stone":153,"minecraft:deepslate_redstone_ore":2,"minecraft:redstone_block":1,"minecraft:crafting_table":9,"minecraft:torch":1,"minecraft:short_grass":37,"minecraft:tall_grass":2,"minecraft:cobblestone":4,"minecraft:deepslate_gold_ore":4,"minecraft:oak_planks":1,"minecraft:diorite":13,"minecraft:wall_torch":2,"minecraft:deepslate_copper_ore":7,"minecraft:birch_log":6,"minecraft:birch_leaves":2,"minecraft:oak_log":92,"minecraft:coal_ore":21,"minecraft:gravel":13,"minecraft:dirt":4,"minecraft:cobweb":2,"minecraft:oak_leaves":40,"minecraft:deepslate":83},"minecraft:killed_by":{"minecraft:player":1,"minecraft:creeper":1,"minecraft:drowned":1,"minecraft:zombie":2},"minecraft:used":{"minecraft:chest":1,"minecraft:iron_sword":58,"minecraft:cooked_salmon":1,"minecraft:rotten_flesh":12,"minecraft:iron_chestplate":1,"minecraft:torch":5,"minecraft:dirt":5,"minecraft:iron_axe":4,"minecraft:birch_sapling":1,"minecraft:furnace":4,"minecraft:oak_sapling":2,"minecraft:cooked_cod":5,"minecraft:cobbled_deepslate":14,"minecraft:cooked_mutton":2,"minecraft:water_bucket":3,"minecraft:diorite":4,"minecraft:stone_pickaxe":87,"minecraft:oak_planks":57,"minecraft:wooden_pickaxe":20,"minecraft:redstone_block":1,"minecraft:fletching_table":1,"minecraft:salmon":1,"minecraft:glow_berries":3,"minecraft:crafting_table":10,"minecraft:oak_log":5,"minecraft:bread":2,"minecraft:iron_pickaxe":295,"minecraft:gravel":10,"minecraft:stone_axe":136,"minecraft:fishing_rod":19,"minecraft:cobblestone":16,"minecraft:bucket":5,"minecraft:andesite":7,"minecraft:oak_boat":1},"minecraft:broken":{"minecraft:iron_pickaxe":1},"minecraft:killed":{"minecraft:spider":3,"minecraft:skeleton":1,"minecraft:drowned":1,"minecraft:salmon":1,"minecraft:sheep":2,"minecraft:zombie":9},"minecraft:picked_up":{"minecraft:fishing_rod":4,"minecraft:crafting_table":11,"minecraft:redstone_block":2,"minecraft:string":4,"minecraft:iron_axe":2,"minecraft:raw_copper":28,"minecraft:pufferfish":7,"minecraft:cobbled_deepslate":81,"minecraft:oak_boat":1,"minecraft:iron_pickaxe":1,"minecraft:birch_sapling":2,"minecraft:furnace":4,"minecraft:raw_iron":45,"minecraft:stick":10,"minecraft:torch":58,"minecraft:bowl":2,"minecraft:diorite":12,"minecraft:redstone":54,"minecraft:arrow":4,"minecraft:rotten_flesh":19,"minecraft:cooked_cod":10,"minecraft:mutton":2,"minecraft:cod":3,"minecraft:white_wool":2,"minecraft:cobblestone":206,"minecraft:birch_log":11,"minecraft:salmon":5,"minecraft:andesite":36,"minecraft:flint":2,"minecraft:tuff":18,"minecraft:oak_log":118,"minecraft:gunpowder":1,"minecraft:lapis_lazuli":15,"minecraft:dirt":6,"minecraft:name_tag":1,"minecraft:bow":1,"minecraft:wheat_seeds":4,"minecraft:raw_gold":8,"minecraft:stone_pickaxe":3,"minecraft:iron_ingot":20,"minecraft:oak_planks":59,"minecraft:iron_sword":3,"minecraft:pumpkin":14,"minecraft:gravel":11,"minecraft:diamond":4,"minecraft:stone_axe":6,"minecraft:bread":2,"minecraft:oak_sapling":6,"minecraft:coal":51},"minecraft:crafted":{"minecraft:oak_planks":184,"minecraft:furnace":3,"minecraft:cooked_mutton":2,"minecraft:iron_axe":1,"minecraft:stone_pickaxe":3,"minecraft:chest":1,"minecraft:redstone_block":1,"minecraft:cooked_cod":4,"minecraft:crafting_table":3,"minecraft:wooden_pickaxe":2,"minecraft:iron_sword":2,"minecraft:cooked_salmon":1,"minecraft:fletching_table":1,"minecraft:bucket":2,"minecraft:stone_axe":2,"minecraft:bread":2,"minecraft:air":0,"minecraft:oak_boat":1,"minecraft:iron_chestplate":1,"minecraft:stick":32,"minecraft:iron_ingot":26,"minecraft:iron_pickaxe":3,"minecraft:torch":24},"minecraft:dropped":{"minecraft:water_bucket":1,"minecraft:bread":2,"minecraft:lapis_lazuli":15,"minecraft:diamond":2,"minecraft:coal":1,"minecraft:pufferfish":7,"minecraft:torch":22,"minecraft:fishing_rod":2,"minecraft:stone_axe":2,"minecraft:bowl":2,"minecraft:name_tag":1,"minecraft:salmon":1,"minecraft:wooden_pickaxe":2,"minecraft:stone_pickaxe":2}},"DataVersion":4082}