{"stats":{"minecraft:used":{"minecraft:stone_pickaxe":87,"minecraft:oak_planks":57,"minecraft:chest":1,"minecraft:wooden_pickaxe":20,"minecraft:iron_sword":30,"minecraft:redstone_block":1,"minecraft:cooked_salmon":1,"minecraft:rotten_flesh":3,"minecraft:iron_chestplate":1,"minecraft:dirt":1,"minecraft:crafting_table":8,"minecraft:oak_log":5,"minecraft:iron_axe":4,"minecraft:iron_pickaxe":62,"minecraft:stone_axe":125,"minecraft:fishing_rod":19,"minecraft:cobblestone":13,"minecraft:oak_sapling":2,"minecraft:furnace":3,"minecraft:andesite":1,"minecraft:oak_boat":1},"minecraft:custom":{"minecraft:interact_with_furnace":13,"minecraft:mob_kills":10,"minecraft:interact_with_crafting_table":18,"minecraft:leave_game":1,"minecraft:time_since_death":26439,"minecraft:time_since_rest":26482,"minecraft:sprint_one_cm":74401,"minecraft:damage_taken":1652,"minecraft:walk_one_cm":90482,"minecraft:drop":19,"minecraft:damage_dealt":1928,"minecraft:swim_one_cm":21179,"minecraft:fly_one_cm":75233,"minecraft:open_chest":4,"minecraft:crouch_one_cm":3468,"minecraft:play_time":104582,"minecraft:deaths":6,"minecraft:sneak_time":2021,"minecraft:walk_under_water_one_cm":9002,"minecraft:boat_one_cm":64205,"minecraft:jump":448,"minecraft:walk_on_water_one_cm":18376,"minecraft:total_world_time":104582,"minecraft:fish_caught":11,"minecraft:fall_one_cm":14725},"minecraft:picked_up":{"minecraft:birch_log":11,"minecraft:fishing_rod":4,"minecraft:crafting_table":10,"minecraft:redstone_block":2,"minecraft:salmon":5,"minecraft:andesite":2,"minecraft:oak_log":114,"minecraft:dirt":4,"minecraft:string":1,"minecraft:iron_axe":2,"minecraft:pufferfish":7,"minecraft:bow":1,"minecraft:cobbled_deepslate":1,"minecraft:raw_gold":8,"minecraft:iron_ingot":11,"minecraft:stone_pickaxe":3,"minecraft:oak_boat":1,"minecraft:iron_pickaxe":1,"minecraft:birch_sapling":2,"minecraft:oak_planks":59,"minecraft:iron_sword":3,"minecraft:furnace":3,"minecraft:raw_iron":17,"minecraft:stick":10,"minecraft:pumpkin":14,"minecraft:torch":32,"minecraft:bowl":2,"minecraft:gravel":3,"minecraft:redstone":54,"minecraft:arrow":4,"minecraft:rotten_flesh":12,"minecraft:diamond":3,"minecraft:stone_axe":6,"minecraft:oak_sapling":6,"minecraft:cod":3,"minecraft:coal":11,"minecraft:cobblestone":175},"minecraft:killed":{"minecraft:salmon":1,"minecraft:spider":2,"minecraft:skeleton":1,"minecraft:zombie":5,"minecraft:drowned":1},"minecraft:dropped":{"minecraft:stone_axe":2,"minecraft:bowl":2,"minecraft:diamond":1,"minecraft:salmon":1,"minecraft:coal":1,"minecraft:pufferfish":7,"minecraft:stone_pickaxe":2,"minecraft:wooden_pickaxe":2,"minecraft:fishing_rod":2},"minecraft:mined":{"minecraft:deepslate_redstone_ore":1,"minecraft:diamond_ore":1,"minecraft:redstone_block":1,"minecraft:crafting_table":8,"minecraft:short_grass":4,"minecraft:cobblestone":2,"minecraft:deepslate_gold_ore":4,"minecraft:oak_planks":1,"minecraft:redstone_ore":4,"minecraft:furnace":2,"minecraft:birch_log":6,"minecraft:iron_ore":13,"minecraft:fire":6,"minecraft:andesite":1,"minecraft:birch_leaves":2,"minecraft:pumpkin":7,"minecraft:coal_ore":9,"minecraft:oak_log":88,"minecraft:deepslate_iron_ore":3,"minecraft:gravel":3,"minecraft:dirt":3,"minecraft:stone":124,"minecraft:oak_leaves":36,"minecraft:deepslate":1},"minecraft:crafted":{"minecraft:cooked_cod":4,"minecraft:oak_planks":184,"minecraft:crafting_table":2,"minecraft:wooden_pickaxe":2,"minecraft:iron_sword":2,"minecraft:furnace":2,"minecraft:cooked_salmon":1,"minecraft:stone_axe":2,"minecraft:air":0,"minecraft:oak_boat":1,"minecraft:iron_chestplate":1,"minecraft:iron_axe":1,"minecraft:stick":28,"minecraft:iron_ingot":10,"minecraft:iron_pickaxe":2,"minecraft:stone_pickaxe":3,"minecraft:chest":1,"minecraft:redstone_block":1,"minecraft:torch":16},"minecraft:killed_by":{"minecraft:player":1,"minecraft:creeper":1,"minecraft:zombie":2,"minecraft:drowned":1}},"DataVersion":4082}